Workbook

Sheet Spesifikasi Bahan
A1: Kode Bahan | B1: Nama Bahan Kimia | C1: Rumus Kimia | D1: Spesifikasi Teknis/Nomor Katalog | E1: Qty/Pack | F1: Unit/Pack | G1: Min. Qty | H1: Kegunaan Analisa | I1: SDS | J1: COA
A2: A1 | B2: Stearic Acid | C2: C18H36O2 | D2: 1.75366.0100 SigmaAldrich | E2: 500 | F2: gram | G2: 250 | H2: OG | I2: https://drive.google.com/file/d/1DdKRl18J2QwtzrQO4h1eloQyiNbwU6u7/view?usp=sharing | J2: https://drive.google.com/file/d/1j5vRepveXAirePtUJGhK74Wuyr-An6DR/view?usp=drive_link
A3: A2 | B3: 1,8-Dihydroxy-2-(4-Sulfophenylazo)-Naphthalen-3,6-Disulfonic Acid Trisodium Salt/SPADNS | C3: - | D3: 1.07998.0025 - SigmaAldrich | E3: 25 | F3: gram | G3: 10 | H3: F | I3: https://drive.google.com/file/d/1AfE_YWvNev5AogofXvKKQW93Vv6hzL4r/view?usp=drive_link | J3: https://drive.google.com/file/d/1ShXX4IcZruJ3yR0fFBpueCQU8p5lL5Xj/view?usp=drive_link
A4: A3 | B4: N-(1-Naphtyl)ethylenediamine dihydrochloride NEDA | C4: - | D4: 1.06237.0025 - SigmaAldrich | E4: 25 | F4: gram | G4: 10 | H4: NO3, NO2, NO2-UA, | I4: https://drive.google.com/file/d/1ZfN2suCocxuoWple7vDu_Rbon5EIn9rv/view?usp=drive_link | J4: https://drive.google.com/file/d/15fYRttBMYwkTcbDsGTXW3_Y5qNQiUHv0/view?usp=drive_link
A5: A4 | B5: Butir Cadmium | C5: Cd | D5: 1.02001.0250 - SigmaAldrich | E5: 250 | F5: gram | G5: 100 | H5: NO3 | I5: https://drive.google.com/file/d/1dGt-dAh6UeLitst0kRlyq4m298F47PLJ/view?usp=drive_link | J5: https://drive.google.com/file/d/1HzB9_yDC_nk3tX5uFx30Xc8KC-KQcBDI/view?usp=drive_link
A6: A5 | B6: L-Glutamic Acid | C6: C5H9NO4 | D6: 1.00291.0250 - SigmaAldrich | E6: 250 | F6: gram | G6: 100 | H6: BOD | I6: https://drive.google.com/file/d/1ozk6syeIV0Ue0FEXudgvKrE1DQYpwCUP/view?usp=drive_link | J6: https://drive.google.com/file/d/1m54H1jyBNhV8VSlVLzHLZonT7pLjJXJG/view?usp=drive_link
A7: A6 | B7: Starch Soluble | C7: (C₆H₁₀O₅)n | D7: 1.01252.0100 - Merck | E7: 100 | F7: gram | G7: 10 | H7: Fenol, H2S-U, Ox, | I7: https://drive.google.com/file/d/1M5mJwkk6tnvF8TZD9bfSVcTBiEYSMqB9/view?usp=drive_link | J7: https://drive.google.com/file/d/1S49pU0urzJS_Ht2pjFy6Mv7FLHYDc9qV/view?usp=drive_link
A8: A7 | B8: Tembaga(II) Sulfat Pentahidrat | C8: CuSO4.5H2O | D8: A-2002 - Smartlab | E8: 1000 | F8: gram | G8: 250 | H8: NO3, Uji kinerja | I8: https://drive.google.com/file/d/1YfW6PobEyv9uVpt48GYv6PVkd3SndjmF/view?usp=drive_link | J8: https://drive.google.com/file/d/1ikmkfAPtlPsAayyDUlW3Aj4XXRI3tR_w/view?usp=drive_link
A9: A8 | B9: Magnesium Chloride Hexahydrate | C9: MgCl2.6H2O | D9: 1.05833.0250 - Merck | E9: 250 | F9: gram | G9: 100 | H9: OG, CN | I9: https://drive.google.com/open?id=1JyKmR43kNB5dlO_I18z2IaNJNkxddK4_ | J9: https://drive.google.com/file/d/1rD2NG17jQt4oXdgyyyrRgzE3rYXTWJw_/view?usp=drive_link
A10: A9 | B10: Potasium Iodida | C10: KI | D10: A-2039 - Smart - Lab | E10: 500 | F10: gram | G10: 10 | H10: Fenol, H2S-U, Ox, | I10: https://drive.google.com/file/d/1lDNPLLq060jHv1nXsQtN5V1i1V6MIBq3/view?usp=drive_link | J10: https://drive.google.com/file/d/1pI1dqkpT1JL7ja10DkX-DeccrmCMx1vK/view?usp=drive_link
A11: A10 | B11: orto-Asam Fosfor 85% | C11: (COOH)₂.2 H₂O | D11: 05074 - LobaChemie | E11: 500 | F11: gram | G11: 50 | H11: KMnO4 | I11: https://drive.google.com/file/d/1tpnKnk1bCg1gfmLipTvLZGm5LVXPPx5x/view?usp=drive_link | J11: https://drive.google.com/file/d/1MUiO8uXF5m0_CMIO1JGDUDKWKAotu7Ja/view?usp=drive_link
A12: A11 | B12: Potasium Klorida | C12: KCl | D12: 1.04936.0250 - SigmaAldrich | E12: 500 | F12: gram | G12: 10 | H12: DHL,SO2 | I12: https://drive.google.com/file/d/1JWO6qIekSxTqNtbZYxYjuVu17m4rIf1-/view?usp=drive_link | J12: https://drive.google.com/file/d/1Gwc7J4it9Mf-jdOlsg3MHO8KQ6vS4nq_/view?usp=drive_link
A13: A12 | B13: Potasium Iodat | C13: KIO₃ | D13: 215929.0100 SigmaAldrich | E13: 100 | F13: gram | G13: 50 | H13: Ox | I13: https://drive.google.com/file/d/1Xz9d8fXaWwwcl3WuU8wmSu85eRabrWnP/view?usp=drive_link | J13: https://drive.google.com/file/d/1cmGRvcbqll72q9-1_WEBdsDzjcL8ZSzC/view?usp=drive_link
... A18: A17 | B18: Sulfanilic Acid | C18: NH₂C₆H₄SO₃H | D18: 1.00686.0250 - Supelco | E18: 100 | F18: gram | G18: 100 | H18: NO2-UA | I18: https://drive.google.com/file/d/1CUukh3PO4IS56vVlJtlCIDiXxaCUEJ5i/view?usp=drive_link | J18: https://drive.google.com/file/d/1fB_fMurrgsavZYLV8zvGMfl6Xdcw693a/view?usp=drive_link
A19: A18 | B19: Manganese (II) Sulfate Monohydrate | C19: MnSO₄.H₂O | D19: 1.05941.0250 - Supelco | E19: 250 | F19: gram | G19: 100 | I19: https://drive.google.com/file/d/1UrF-mAbO_IFEfRH8lPJNFu0Tj7FlzfpP/view?usp=drive_link | J19: https://drive.google.com/file/d/13f3HrFi9HF4rjj5QRFtW_P1bcAXXDz_t/view?usp=drive_link
A20: A19 | B20: Potasium Hidrogen Ptalat | C20: C₈H₅KO₄ | D20: 1.04874.0250 - Supelco | E20: 250 | F20: gram | G20: 100 | H20: COD | I20: https://drive.google.com/file/d/1EXGvn7KRBd7RqZuEuWgwRAXSfYVJsib7/view?usp=drive_link | J20: https://drive.google.com/file/d/1b-1ZqydFX4zKl_NxJh0Y9HDavD6H6Si0/view?usp=drive_link
A21: A20 | B21: Potasium Nitrat | C21: KNO₃ | D21: 1.05063.0500 - Supelco | E21: 500 | F21: gram | G21: 250 | H21: NO3,PO4 | I21: https://drive.google.com/file/d/1yZApZidjWgcbpKokYMp4hjhtlP-7ns_G/view?usp=drive_link | J21: https://drive.google.com/file/d/1k2fNOLKwqIkm2z8CUj68QWIvGXtZUdGE/view?usp=drive_link
A22: A21 | B22: Di-Sodium Hidrogen Posfat Dodekahidrat | C22: Na₂HPO₄.12H₂O | D22: 1.06579.0500 - Supelco | E22: 500 | F22: gram | G22: 200 | H22: Ox | I22: https://drive.google.com/file/d/1vb1myK04IHP-Ju8sKQ3HFglu5AxW1pBa/view?usp=drive_link | J22: https://drive.google.com/file/d/1N0lYcrVwAM4yar9B-JHF2OQS_RT_1N2f/view?usp=drive_link
A23: A22 | B23: Sodium Hidroksida | C23: NaOH | D23: 1.06498.0500 - Supelco/ 605K6006 - Kanto Chemical | E23: 500 | F23: gram | G23: 250 | H23: NH3-LC, Cl-LC, Cr6+, CN, MBAS, fenol, formaldehide, H2S-U, NH3-UA, HCl, NH3-UE, | I23: https://drive.google.com/file/d/1kPRaamHZXJRJBvLTUCU_yKtyk7tIVjAE/view?usp=drive_link | J23: https://drive.google.com/file/d/1CbAF245YelBlIDhMWO-xXDuQgdKZ-l36/view?usp=drive_link | K23: https://drive.google.com/file/d/1HIAslhCb9wPxUvgG6_758ts0lOuGzS4O/view?usp=drive_link
A24: A23 | B24: Sodium Dihidrogen Posfat Monohidrat | C24: NaH₂PO₄.H₂O | D24: 1.06346.1000 - Supelco | E24: 1000 | F24: gram | G24: 500 | H24: MBAS | I24: https://drive.google.com/file/d/1_2vEHaSNED5GjWsZHA06pCOgxXLekFcs/view?usp=drive_link | J24: https://drive.google.com/file/d/1UK1EDgucGEmqBzRc4ors3ltisTkjZbON/view?usp=drive_link
A25: A24 | B25: Phenol | C25: C₆H₅OH | D25: 1.00206.1000 - Supelco | E25: 250 | F25: gram | G25: 100 | H25: NH3 | I25: https://drive.google.com/file/d/1d5r4SuZoUz_bJC-y006F-P_TawnC26v_/view?usp=drive_link | J25: https://drive.google.com/file/d/1khT69iSFS9yKmopFecHWmFYSdWSNDYYK/view?usp=drive_link
A26: A25 | B26: Barium Klorida Dihidrat | C26: BaCl₂.2 H₂O | D26: 1.01719.1000 - Supelco | E26: 1000 | F26: gram | G26: 100 | H26: SO4 | I26: https://drive.google.com/file/d/1Fxb3_5Us98a_Yx4EmAJS8XaTN-LPb9UK/view?usp=drive_link | J26: https://drive.google.com/file/d/1MTSlAXx9_pcYmg2fEQzhYzNnYEMzZOQe/view?usp=drive_link
A27: A26 | B27: Amonium klorida | C27: NH4Cl | D27: 1.01145.0500 - Supelco | E27: 500 | F27: gram | G27: 250 | H27: NH3-LC, NO3, | I27: https://drive.google.com/file/d/17NhN6YHTpkYN460kIXgadRQwtVlrE60X/view?usp=drive_link | J27: https://drive.google.com/file/d/1imnLgZJfoRGjZ-lYpNsefGSNK2rUleFe/view?usp=drive_link
A28: A27 | B28: 4-Aminoantipyrine 99% Extra Pure | C28: C11H13N3O | D28: 1030 - LobaChemie | E28: 25 | F28: gram | G28: 10 | H28: Fenol | I28: https://drive.google.com/file/d/1fe46woaLI4ud8qugB5uBUuQ5fZasNhlC/view?usp=drive_link | J28: https://drive.google.com/file/d/1Nvay6PZdCTkvYxWc_ftXGrN2pNWsq8xu/view?usp=drive_link
A29: A28 | B29: Sodium Azide AR | C29: NaN3 | D29: 5782 - LobaChemie | E29: 100 | F29: gram | G29: 50 | H29: BOD | I29: https://drive.google.com/file/d/1K04vVPmwq_ndk8fuHABTMq7afz9vIXiI/view?usp=drive_link | J29: https://drive.google.com/file/d/1oTQokXMBOpZXZfwTEnL85jv3kLXKAM6Q/view?usp=drive_link
A30: A29 | B30: Ammonium Molydate Tetrahydrate | C30: (NH4)6Mo7O24.4H2O | D30: 1271 - LobaChemie | E30: 100 | F30: gram | G30: 50 | H30: PO4, | I30: https://drive.google.com/file/d/1A4YZSFZMNuM1cMNUkuIa4nYFe20ID85L/view?usp=drive_link | J30: https://drive.google.com/file/d/1iE-lO8JJLNSPI7_dCMI8fh65GhMGamNo/view?usp=drive_link
A31: A30 | B31: Pararosaniline Chloride Extra Pure | C31: C19H18ClN3 | D31: 5129B - LobaChemie | E31: 25 | F31: gram | G31: 10 | H31: SO2 UA, | I31: https://drive.google.com/file/d/1rPcrNAW8rNU_Ems-dC2ur4d5ycds2IVn/view?usp=drive_link | J31: https://drive.google.com/file/d/1IM_S0bow3EzSYT9nGg5la-SyRdjLZs9S/view?usp=drive_link
A32: A31 | B32: Zirconium Oxychloride Octahydrate | C32: ZrOCl2.8H2O | D32: 6569 - LobaChemie | E32: 100 | F32: gram | G32: 50 | H32: F-LC, | I32: ZIRCONIUM OXYCHLORIDE OCTAHYDRATE AR | J32: https://drive.google.com/file/d/1Al5YqR5ve6fLiTPA4_RjfgTJLyT8TPRs/view?usp=drive_link
A33: A32 | B33: Sodium Nitroprusside Dihydrate | C33: Na2[Fe(CN)5NO].2H2O | D33: 5958 - LobaChemie | E33: 100 | F33: gram | G33: 50 | H33: NH3-UA, NH3-LC, NH3-UE, | I33: https://drive.google.com/file/d/14XE_k2mD9dPLwC8DdbYsxniVf8xqNof-/view?usp=drive_link | J33: https://drive.google.com/file/d/1sW6e68t7NY9VTf-3reqfal9olsryYmRh/view?usp=drive_link
A34: A33 | B34: Sodium Sulphite Anhydrous | C34: Na2SO3 | D34: 6024 - LobaChemie | E34: 500 | F34: gram | G34: 250 | H34: H2S,SO2 UA | I34: https://drive.google.com/file/d/1Tqqv2I_BTDm-S0M-c19PrIzn7cvRa4mw/view?usp=drive_link | J34: https://drive.google.com/file/d/1JFLCcjGAljdbn9gXMoVwcwUW8NMq_PFJ/view?usp=drive_link
A35: A34 | B35: Tri-Sodium Citrate Dihydrate | C35: C6H5Na3O7.2H2O | D35: 5835 - LobaChemie | E35: 500 | F35: gram | G35: 250 | H35: NH3-LC | I35: https://drive.google.com/file/d/1-3wxipAd_ICqM1sfvN39ORdkYRgauGTw/view?usp=drive_link | J35: https://drive.google.com/file/d/1dTNqSdc5afQIUqSd6SDyxGwLC4kGlQEp/view?usp=drive_link
... A63: A62 | B63: Sodium Bisulphite | C63: NaHSO3 | D63: 05799 - LobaChemie | E63: 500 | F63: gram | G63: 250 | H63: Formaldehyde | I63: https://drive.google.com/open?id=16Gfl9rk91T2x0yAIIx5VjblqMUKdI75L | J63: https://drive.google.com/file/d/1vvZ8WEOALl42pkV2z86TsVSxEZOVZ8NR/view?usp=drive_link
A64: A63 | B64: Zinc Acetate Dihydrate 99.5% | C64: (CH3.COO)2Zn.2H2O | D64: 06541 - LobaChemie | E64: 500 | F64: gram | G64: 250 | I64: https://drive.google.com/open?id=1kIBZ9C_bEJnY493X6c02azgV6a9o_kxK | J64: https://drive.google.com/file/d/1FT_6MUTK4-C-girDvLpL-En_fJJPYEeV/view?usp=drive_link
A65: A64 | B65: N,N-Dimethyl-1,4-phenylenediamine oxalate | C65: [(CH3)2NC6H4NH2]2·H2C2O4 | D65: 4.09758.025 SigmaAldrich | E65: 25 | F65: gram | G65: 10 | H65: Sulfida | I65: N,N-Dimethyl-1,4-phenylenediamine oxalate | J65: https://drive.google.com/file/d/1WC0M2sS0BfsJSKxLjgphZyZKs3WrhhNQ/view?usp=drive_link
A66: A65 | B66: Iodine | C66: I2 | D66: 2.07772.0100 - SigmaAldrich | E66: 100 | F66: gram | G66: 50 | H66: H2S, SO2 UA | I66: https://drive.google.com/open?id=1lT5KjrdgN-QIY9Lf_SHbYBtUiZACgjLH | J66: https://drive.google.com/file/d/13mrIByEsfxG7MvCilxt0c0n_nn7yGBZQ/view?usp=drive_link
A67: A66 | B67: Ammonium Phospahte dibasic | C67: H9N2O4P | D67: 1003721150 - SigmaAldrich | E67: 500 | F67: gram | G67: 50 | H67: H2S | I67: https://drive.google.com/open?id=1gYxXquexNBeal36jMq3WSkSNObhqknKy | J67: https://drive.google.com/file/d/1Lj0Rre1Z_gIPZ5es8yUbzU8ClKyQYYB5/view?usp=drive_link
A68: A67 | B68: Iron (III) chloride | C68: FeCl3 | D68: 1.57740.100 - SigmaAldrich | E68: 100 | F68: gram | G68: 50 | I68: https://drive.google.com/open?id=1b2gkillwFQNYVr1a5nLziZs6JhagNiHn | J68: https://drive.google.com/file/d/1DrrgGsVC1m3NJOw9IlM3D-nSQ9aZ2vAs/view?usp=drive_link
A69: A68 | B69: N-Allylthiourea | C69: C4H8N2S | D69: 1.08804.050 - SigmaAldrich | E69: 50 | F69: gram | G69: 10 | H69: BOD | I69: https://drive.google.com/open?id=1FzXOXeUIFPOwxc-SUYGI4wmaWQgCRZU1 | J69: https://drive.google.com/file/d/1ct7jHLQtff_0nnlH8FbF4S17S7tuBtzD/view?usp=drive_link
A70: A69 | B70: Sodium Borohydride | C70: H4BNa | D70: 4.52882.0500 - SigmaAldrich | E70: 500 | F70: gram | G70: 100 | I70: https://drive.google.com/open?id=1ArXDvOWFiTahfTWJf1YElCmPpm7zuGV0 | J70: https://drive.google.com/file/d/1Zyl3er20C8rtp0Ftk4jtD2aoARs1zyFV/view?usp=drive_link
A71: A70 | B71: Tryptic soy agar Casein-peptone soymealpeptone agar | C71: - | D71: 1.05458.0500 - Millipore | E71: 500 | F71: gram | G71: 100 | H71: Uji Kinerja Mikrobiologi | I71: https://drive.google.com/file/d/1ST40V_gYLA9qpoT6jdDOBzT3bmwXdSug/view?usp=drive_link | J71: https://drive.google.com/file/d/16dTHQ91GttoM6Oo_0Qee4c-hoA6v1lPU/view?usp=drive_link
A72: A71 | B72: Peptone water (buffered) | C72: - | D72: 1.07228.0500 - Millipore | E72: 500 | F72: gram | G72: 100 | H72: Media Pengenceran dan Enrichment | I72: https://drive.google.com/file/d/149yHr7w-ftZef3MSwo7XwwEAuwGJh1E2/view?usp=drive_link | J72: https://drive.google.com/file/d/1H4fv_OCpnLc5mAMb4sSdFardJFjQEWrb/view?usp=drive_link
A73: A72 | B73: Potassium Cyanide 97% | C73: KCN | D73: 05352 - LobaChemie | E73: 100 | F73: gram | G73: 10 | H73: CN | I73: https://drive.google.com/file/d/1vFbuBquuye-oZ25tmrMd0Odzqp-I5SPS/view?usp=sharing | J73: https://drive.google.com/file/d/1kenqPoQZ6nRy_nWZc_ZmC_jxs_nZWQTN/view?usp=drive_link
A74: A73 | B74: Sodium Phosphate dibasic Heptahydrate | C74: Na2HPO4 · 7H2O | D74: S9390.0100 - SigmaAldrich | E74: 100 | F74: gram | G74: 10 | I74: Sodium phosphate dibasic heptahydrate | J74: https://drive.google.com/file/d/1zbRPXoqX8E4oL5yDBDrikKHJk40CFOID/view?usp=drive_link
A75: A74 | B75: tri-Sodium Orthophosphate Dodecahydrate 98% | C75: Na3PO4.12H2O | D75: 05960 - LobaChemie | E75: 500 | F75: gram | G75: 100 | H75: NH3 Udara | I75: https://drive.google.com/file/d/1s3IAUShiDTLQQO-QnqV44GTb78tbUxLA/view?usp=sharing | J75: https://drive.google.com/file/d/1gdD3cVt71cBPF2ZYDtppVUKMM56qzfHN/view?usp=drive_link
A76: A75 | B76: Diphenyl Carbazide 98% | C76: - | D76: 03521 - LobaChemie | E76: 10 | F76: gram | G76: 1 | H76: Cr6+ | I76: https://drive.google.com/file/d/11NSlJQrkdRokZaFmrSdWT8M3smCohGTF/view?usp=drive_link | J76: https://drive.google.com/file/d/1upv88ZyE90oiI66Vst6NMS_MgD8YZxE_/view?usp=drive_link
A77: A76 | B77: Boric Acid | C77: H3BO3 | D77: A-2013 - Smartlab | E77: 1000 | F77: gram | G77: 100 | H77: BOD | I77: https://drive.google.com/file/d/1pnjhT-bzmmYAaG1mXNTConiQnhIWyuUc/view?usp=drive_link | J77: https://drive.google.com/file/d/1nz_RULIyAveWiG3sOqV9q2W5PAgVSm4N/view?usp=drive_link
A78: A77 | B78: Trans-1,2-Diamino-Cyclohexane-N,N,N,N-Tetraacetic Acid Monohydrate 99% | C78: C14H22N2O8.H2O | D78: 03215 - LobaChemie | E78: 25 | F78: gram | G78: 5 | H78: SO2 | I78: https://drive.google.com/file/d/1nLqaPW1K5ZJvYemC4c5g94AjNLvNs6kr/view?usp=drive_link | J78: https://drive.google.com/file/d/1FsErgxjhBzNZ-MXFHWorsYXrbHOaeRnn/view?usp=drive_link
A79: A78 | B79: Sodium Acetate Trihydrate 99.5% | C79: CH3COONa.3H2O | D79: 05758 - LobaChemie | E79: 500 | F79: gram | G79: 100 | H79: CN | I79: https://drive.google.com/file/d/1bC7b-aHnRhPXdV-ymRQmet8zwgEZmoah/view?usp=sharing | J79: https://drive.google.com/file/d/1nf8Y6fYIUpZuhPT8fVrszcd79Gnyeb6f/view?usp=drive_link
A80: A79 | B80: KWIK-STIK Escherichia coli ATCC 25922 | C80: - | D80: 0335P - Microbiologics | E80: 2 | F80: pcs | G80: 1 | H80: QC Pengujian Mikrobiologi | I80: https://drive.google.com/file/d/1Zhso15JolLx2-WVeik_aphLbqiMi0jsv/view?usp=sharing | J80: https://drive.google.com/file/d/1Gqv85R5AcUCouIKvftrV8WJSldx6m2iP/view?usp=drive_link
A81: A80 | B81: Compact Dry EC | C81: - | D81: 54052 - Shimadzu | E81: 240 | F81: pcs | G81: 50 | H81: Analisa Sampel Air Bersih/ Air Minum Parameter E.coli & Total Coliform | I81: https://drive.google.com/file/d/1KSq_bq0QCpUXwbh6WRYw8FdCmQ3m7bvH/view?usp=sharing | J81: https://drive.google.com/file/d/1wiDiWgGRJSznPD2FN892SKGa3m96zQ9u/view?usp=drive_link
A82: A81 | B82: Tryptone Water | C82: - | D82: M463l - Himedia | E82: 500 | F82: gram | G82: 100 | H82: Uji Indol | I82: https://drive.google.com/file/d/1pOvYrWYaiTuXYR-RhkLwv4GrUz9UuBHa/view?usp=sharing | J82: https://drive.google.com/file/d/18rdNSfv62IeY5w7mu335tSJQacYHPBcX/view?usp=drive_link
A83: A82 | B83: Silver Nitrat | C83: AgNO3 | D83: SA087 - Chem-supply | E83: 100 | F83: gram | G83: 10 | H83: Cl- | I83: https://drive.google.com/file/d/15aZxMqyZwGAaHTDXcNu06_Ni_a4q2Kyu/view?usp=drive_link | J83: https://drive.google.com/file/d/1iqproOM4ekT-49OqAFZiSyfGhul3Lofv/view?usp=drive_link
A84: A83 | B84: Thiourea 99% | C84: NH2.CS.NH2 | D84: 06292 - LobaChemie | E84: 500 | F84: gram | G84: 100 | H84: AFS | I84: https://drive.google.com/file/d/18zRj25cLWIwiujLIaFuiclXQgI55bBpS/view?usp=drive_link | J84: https://drive.google.com/file/d/1quwnz5tAVJDt_KIY8TnWC80j0oDVpuR2/view?usp=sharing
A85: A84 | B85: Test Kit Free Chlorine | C85: Cl2 | D85: HI93701-01 | E85: 100 | F85: Pcs | G85: 10 | H85: klorin | I85: https://drive.google.com/file/d/1sEHNaXpzKOWAJoU0MmwDvq8Gja1ULoEa/view?usp=drive_link | J85: https://drive.google.com/file/d/1HqI7I-Vx7ZxiePtKPda1znvZDfxEIqGg/view?usp=drive_link
A86: A85 | B86: Colilert*-18 | C86: - | D86: WP200I-18 - IDEXX | E86: 200 | F86: Pcs | G86: 50 | H86: Analisa Sampel Air Limbah/ Air Permukaan Parameter E.coli, Total Coliform, & Fecal Coliform | I86: https://drive.google.com/file/d/1_61OeBm1JtQ5WopVZUcM21fk4fiN3JO6/view?usp=sharing | J86: https://drive.google.com/file/d/1YCeiGFqfEhZEcghD5SObl5iRDk0dxMw7/view?usp=drive_link
... A90: A89 | B90: Pottasium Permanganat | C90: KMnO₄ | D90: 1.05082.0250 - Supelco A-2087 - Smartlab | E90: 250 | F90: gram | G90: 10 | H90: KMnO₄ | I90: https://drive.google.com/file/d/1rVQ6_2Gccq1R7vFFrT3_b_Vn5bTt5PYM/view?usp=sharing | J90: https://drive.google.com/file/d/1yNx7yEkU0r9vZRQmLevxfaasiam5baOA/view?usp=drive_link
A91: A90 | B91: tri-Sodium Citrate | C91: C6H5Na3O7 | D91: 1.11037.1000 - Merck | E91: 1000 | F91: gram | G91: 10 | I91: https://drive.google.com/file/d/1syX6NFRj2IO2760PFYdwQH_GyW_wmsH-/view?usp=drive_link | J91: https://drive.google.com/file/d/1plluOqcJiLB9fq1dY-Q-5aUXv3qFJIMg/view?usp=drive_link
A92: A91 | B92: Calcium Chloride | C92: CaCl2 | D92: 1.00379.3004 - SigmaAldrich | E92: 100 | F92: gram | G92: 10 | H92: BOD | I92: https://drive.google.com/file/d/1b3XrUhPW6KchWjmfn_0QBUSbxFzZcckv/view?usp=sharing | J92: https://drive.google.com/file/d/1B8WuWl51B1mDt_Lf22AygYjDqrYAn8il/view?usp=drive_link
A93: A92 | B93: Barbituric Acid 99% | C93: C4H4N2O3 | D93: 01640 - LobaChemie | E93: 100 | F93: gram | G93: 10 | H93: CN | I93: https://drive.google.com/file/d/1eRXHTqNgxzVVQeg1s3KGPWBvG71kAWTx/view?usp=drive_link | J93: https://drive.google.com/file/d/1y8UASMG5vVz1094m8W50eidKwgbPy9PQ/view?usp=drive_link
A94: A93 | B94: Iron (III) Chloride Hexahydrate | C94: FeCl3. 6H2O | D94: A-2714 - Smart Lab | E94: 250 | F94: gram | G94: 10 | H94: H2S | I94: https://drive.google.com/file/d/115kAulGS9p0La7zgxlWKfEmcg3U7dl5J/view?usp=drive_link | J94: https://drive.google.com/file/d/11gKKYaM4E6rG6tjZXygPGEtWs2CprQK5/view?usp=drive_link
A95: A94 | B95: Hexadecane | C95: - | D95: CRM78293 - SigmaAldrich | E95: 0.1 | F95: gram | G95: 0.01 | H95: OG | I95: https://drive.google.com/file/d/1HYo2dBEhE4O_kjILkPV_xETqSDJAFlzF/view?usp=drive_link | J95: https://drive.google.com/file/d/1TsijNvI8fBNiDkKtF4YWLEGu1yRSiNlq/view?usp=drive_link
A96: A95 | B96: Chromotropic Acid Disodium Salt Dihydrate | C96: C10H6Na2O8S2.2H2O | D96: 02835 - LobaChemie | E96: 10 | F96: gram | G96: 1 | H96: Formaldehida | I96: https://drive.google.com/file/d/1oGuEyPJPVOSzIam3lQWKMxeVMwYcf7oR/view?usp=drive_link | J96: https://drive.google.com/file/d/1YBLJqlF1c-3XnfXkzn9-m-etxWLvL_ku/view?usp=drive_link
A97: A96 | B97: Zinc Sulfate Heptahydrate | C97: ZnSO4.7H2O | D97: 1.08883.0500 - Supelco | E97: 500 | F97: gram | G97: 10 | H97: H2S UA | I97: https://drive.google.com/file/d/1qVZ5LBbLmlsYXj8vFrY2_JNHyZStaz8h/view?usp=drive_link | J97: https://drive.google.com/file/d/1tboBibq-tfwfwN_iLJsPybsErCr7Jg5y/view?usp=drive_link
A98: A97 | B98: Escherichia Coli WDCM 000136 Vitroids | C98: - | D98: VT000136-10EA - SigmaAldrich | E98: 10 | F98: Pcs | G98: 1 | H98: Verifikasi/ Validasi Pengujian Mikrobiologi dan QC | I98: https://drive.google.com/file/d/1gbs9XoUnQd26QZN6TwM0dItKS5f6EO4N/view?usp=sharing | J98: https://drive.google.com/file/d/1UIKqaVVlXHnjyqQRVOw_qbvkTWCaTFLV/view?usp=drive_link
A99: A98 | B99: Lead (II) Carbonate | C99: PbCO3 | D99: 1073810250 - SigmaAldrich | E99: 250 | F99: gram | G99: 10 | H99: CN | I99: https://drive.google.com/file/d/1178QW9wgxeEJr58H835ux-SsZsJnxZeL/view?usp=drive_link | J99: https://drive.google.com/file/d/1bXt_vclDVL0IAt2Y05F8PonRxocJIqZ2/view?usp=drive_link
A100: A99 | B100: Polyseed | C100: - | E100: 50 | F100: Capsules | G100: 10 | H100: BOD | J100: https://drive.google.com/file/d/1fEa3J9fXDbxqQaFH7kvj216NVeKV72D0/view?usp=drive_link
A101: A100 | B101: Methyl Orange Indicator ACS | C101: C14H14N3NaO3S | D101: 04670 - LobaChemie | E101: 25 | F101: gram | G101: 10 | J101: https://drive.google.com/file/d/13MPYmp7t443ZG6BdfOltx3hwOTK177b2/view?usp=drive_link
A102: A101 | B102: Hydroxylammonium Sulfate | C102: (HONH3)2SO4 | D102: 1046170500 - SigmaAldrich | E102: 500 | F102: gram | G102: 10 | J102: https://drive.google.com/file/d/1Gfvuwwafei1BHKcwkQuNly4LH5ESOObl/view?usp=drive_link
A103: A102 | B103: Pseudomonas paraeruginosa WDCM 00026 Vitroids | C103: - | D103: VT000266-10EA - SigmaAldrich | E103: 10 | F103: Pcs | G103: 1 | H103: Verifikasi/ Validasi Pengujian Mikrobiologi dan QC | I103: https://drive.google.com/file/d/1z0nkSqGmr6MQPcE4q00aNF_fbalBqIDf/view?usp=sharing | J103: https://drive.google.com/file/d/1dykNe6Y2w5sKmthL7-cKQ8Nzg6PZYSL9/view?usp=drive_link
A104: A103 | B104: Sodium sulfide nonahydrate | C104: Na2S.9H2O | D104: 240605A7 - Xihua | E104: 500 | F104: gram | G104: 25 | H104: Sulfida | J104: https://drive.google.com/file/d/1xFU2jxMhVRxXWIrU1SHQ4eWHwKBitzr-/view?usp=drive_link
A105: A104 | B105: N,N-Dimethyl p-Phenylediamine Dihydrochloride 99.5% | C105: C8H14Cl2N2 | D105: 03410 - LobaChemie | E105: 25 | F105: gram | G105: 10 | H105: SO2 | I105: https://drive.google.com/file/d/10SQcRfsfY5X5HIgt6Y9xek-eK6b2gV8a/view?usp=drivesdk | J105: https://drive.google.com/file/d/1oF6bJpEcAXBUXFujqLFy_d287Goa-Gz7/view?usp=drive_link
A106: A105 | B106: Pottasium Hydroxide Pellets 85% | C106: KOH | D106: 05380 - LobaChemie | E106: 500 | F106: gram | G106: 25 | H106: BOD
A107: B1 | B107: Cobalt Standard Solution | C107: Co | D107: 1.19785.0100 - Supelco | E107: 100 | F107: mL | G107: 10 | H107: ICP | I107: https://drive.google.com/file/d/1xi810r3W6Lj4s9R7wN0G-ZCtBSoJ2iKT/view?usp=drive_link | J107: https://drive.google.com/file/d/1UaE_TKH4BxMntOVG4DPIyQ6ECVMPfLtb/view?usp=drive_link
A108: B2 | B108: Molybdenum Standard Solution | C108: Mo | D108: 1.70227.0100 - Supelco | E108: 100 | F108: mL | G108: 10 | H108: ICP | I108: https://drive.google.com/file/d/1H5tjcFcfnVRjOLtDybZ_1CklRmgV5nbZ/view?usp=drive_link | J108: https://drive.google.com/file/d/1wnmGwEGsA9aPWfKiNRlClkXW1dr4otbr/view?usp=drive_link
A109: B3 | B109: Zinc Standard Solution | C109: Zn | D109: 1.19806.0100 - Supelco | E109: 100 | F109: mL | G109: 10 | H109: ICP | I109: https://drive.google.com/file/d/11EVIX9lH1zwI4lNFfS5MWCh5ootQ11GG/view?usp=drive_link | J109: https://drive.google.com/file/d/1JSPT1FV_ItKC93_CSfVuFsOw2kdKcVc0/view?usp=drive_link
A110: B4 | B110: Silver Standard Solution | C110: Ag | D110: 1.19797.0100 - Supelco | E110: 100 | F110: mL | G110: 10 | H110: ICP | I110: https://drive.google.com/file/d/1c7f_HKv4qx_Y1Jk2NIPEyKjnIHzj3a9G/view?usp=drive_link | J110: https://drive.google.com/file/d/1tnncUqxTkluX4frb1NkPMVTtHWSOQ_2q/view?usp=drive_link
A111: B5 | B111: Selenium Standard Solution | C111: Se | D111: 1.19796.0100 - Supelco | E111: 100 | F111: mL | G111: 10 | H111: ICP | I111: https://drive.google.com/file/d/1iJxSvUL2rdp0d17ar3wpko4C6DUbhwLE/view?usp=drive_link | J111: https://drive.google.com/file/d/1gKdOXFO4cyxd7mqPcX60TOIMR5adn5Wr/view?usp=drive_link
A112: B6 | B112: Copper Standard Solution | C112: Cu | D112: 1.19786.0100 - Supelco | E112: 100 | F112: mL | G112: 10 | H112: ICP | I112: https://drive.google.com/file/d/13OTMQeHFmY2_w8at9gUoE0t5uI69T6Cv/view?usp=drive_link | J112: https://drive.google.com/file/d/1wJWCeFtl16Smvd5iCnEqyNQZYE9i0t9H/view?usp=drive_link
A113: B7 | B113: Sodium Standard Solution | C113: Na | D113: 1.70238.0100 - Supelco | E113: 100 | F113: mL | G113: 10 | H113: ICP | I113: https://drive.google.com/file/d/1uIs6Irgfy9eyLRq8bEgGs2lkbZE9FB_D/view?usp=drive_link | J113: https://drive.google.com/file/d/1uDlID0HnwQwcH4HX7_UkHPBynxQHwF9y/view?usp=drive_link
A114: B8 | B114: Tin Standard Solution | C114: Sn | D114: 1.70242.0100 - Supelco | E114: 100 | F114: mL | G114: 10 | H114: ICP | I114: https://drive.google.com/file/d/1ZntW8FoHUvI_hYO4wDopq4Xg_hyYVSw7/view?usp=drive_link | J114: https://drive.google.com/file/d/1eaAcz8lNC9zfnljcrtykbI02Jhuiudyw/view?usp=drive_link
A115: B9 | B115: Calcium Standard Solution | C115: Ca | D115: 1.19778.0100 - Supelco | E115: 100 | F115: mL | G115: 10 | H115: ICP | I115: https://drive.google.com/file/d/1hLyNHHgp9EbAdPQXR8GDLeh937mjBTIL/view?usp=drive_link | J115: https://drive.google.com/file/d/1VAeOerhz39xxEfZ2QFJ_akyr8S9GFJ-y/view?usp=drive_link
A116: B10 | B116: Thallium Standard Solution | C116: Tl | D116: 1.19801.0100 - Supelco | E116: 100 | F116: mL | G116: 10 | H116: ICP | I116: https://drive.google.com/file/d/1k17m32cQmHYnbf8tFbwfVEUWD9CQgGaq/view?usp=drive_link | J116: https://drive.google.com/file/d/1XI2rVhxARRA5-usFx0tKFRngIBcYbQKf/view?usp=drive_link
A117: B11 | B117: Iron Standard Solution | C117: Fe | D117: 1.19781.0100 - Supelco | E117: 100 | F117: mL | G117: 10 | H117: ICP | I117: https://drive.google.com/file/d/1BYm0QFOyODbUmzaBJJhXWOHLsTJskZV1/view?usp=drive_link | J117: https://drive.google.com/file/d/1QVFEpLVD7b_oI2k1_Q4zNEfRO0ZQB_K4/view?usp=drive_link
A118: B12 | B118: Mercury Standard Solution | C118: Hg | D118: 1.70226.0100 - Supelco | E118: 100 | F118: mL | G118: 10 | H118: ICP | I118: https://drive.google.com/file/d/1AqW6t2z_7avwSoLSW1zG6TuBDtLTi4W4/view?usp=drive_link | J118: https://drive.google.com/file/d/19BuBvbnkK5Y4wwTl0mRFXye6h-6iEmyj/view?usp=drive_link
... A126: B20 | B126: Platinum Cobalt Standard Solution | C126: Pt-Co | D126: 1.00246.0250 - Supelco | E126: 250 | F126: mL | G126: 10 | H126: ICP | I126: https://drive.google.com/file/d/170yKWqHAT43kwwHq21BVvPDeGfcr85BP/view?usp=drive_link | J126: https://drive.google.com/file/d/1LN64pc1VjcuyQQxQzzMu9LKzZppPO6oH/view?usp=drive_link
A127: B21 | B127: Total Suspended Solid Calibration Standard | C127: TSS | D127: TSS100 - SigmaAldrich | E127: 100 | F127: mL | G127: 10 | H127: ICP | I127: https://drive.google.com/open?id=1d4Nbobk-indPKHA1LO63sk3hvNetwW2V | J127: https://drive.google.com/file/d/1B2-jJA_cTtA6He4hx21HkKElIDpQciMG/view?usp=drive_link | K127: https://drive.google.com/file/d/1FoQzBy-2LhoUYy_hz5H-oHvAuJtLOY0t/view?usp=drive_link
A128: B22 | B128: Lead Standard Solution | C128: Pb | D128: 1.19776.0500 - Supelco | E128: 500 | F128: mL | G128: 10 | H128: ICP | I128: https://drive.google.com/file/d/1MxKzQMNVlVSHXTXvq8eT2pvcdhaMPvr2/view?usp=drive_link | J128: https://drive.google.com/file/d/1SaWa-s3KjTWU7osSYCK7QnxwJ4CnxuDX/view?usp=drive_link
A129: B23 | B129: Nitric Acid | C129: HNO3 | D129: A - 1063 - SmartLab AR1133-G2.5L - RCl Labscan | E129: 2500 | F129: mL | G129: 500 | H129: ICP | I129: https://drive.google.com/open?id=1NN_BRDxITq_ChQHX_avptvHD839fop6V | J129: https://drive.google.com/file/d/1jYiQVFEs6FPJGnoKB0QZDGuWA-n8dPIU/view?usp=drive_link
A130: B24 | B130: Sulphuric Acid | C130: H2SO4 | D130: A - 1092 - Smartlab, 0290C-LobaChemie, AR1193-G500ML - RCI Labscan | E130: 2500 | F130: mL | G130: 500 | H130: OG, KMnO4,PO4,H2S,BOD,COD,Cr6+,NO2,MBAS,NH3 UA | I130: https://drive.google.com/file/d/1LswfdYWIWXBpgAQYwUPDh07mS3WfIqFx/view?usp=drive_link | J130: https://drive.google.com/file/d/1OqdTw9_Dawx3TSLoXYuhmdVxlY3zze1Y/view?usp=drive_link | K130: https://drive.google.com/file/d/14qat-UkcrJfZ_3Srt89GPnDq8rcpHXP_/view?usp=drive_link
A131: B25 | B131: Hydrochloric Acid | C131: HCl | D131: A - 1050 - Smartlab AR1107-G2.5L - RCl Labscan | E131: 2500 | F131: mL | G131: 100 | H131: OG, Phenol, Fluoride, CN, NO3 | J131: https://drive.google.com/file/d/104Qdo3OtTXd5dQszh9ht5IqgR-lSVqBp/view?usp=drive_link
A132: B26 | B132: Aceton | C132: (CH3)2CO | D132: A - 1005 - SmartLab | E132: 4000 | F132: mL | G132: 500 | H132: OG,NO2 | I132: https://drive.google.com/file/d/17g1CnN_TU4yArv1bVfwo0-fykRPWhXFB/view?usp=drive_link | J132: https://drive.google.com/file/d/1D8leYdwQE5oQcKO00N8aimFHUwJKe5BB/view?usp=drive_link
A133: B27 | B133: n-Hexane | C133: C6H14 | D133: A - 1045 - SmartLab | E133: 4000 | F133: mL | G133: 3000 | H133: OG | I133: https://drive.google.com/file/d/1U_E-l5jwhPaLwLLPewOfYls7EgFa1ufv/view?usp=sharing | J133: https://drive.google.com/file/d/19RYLXPqwP3Q0dJvVxA6lgqGs05HDx7JH/view?usp=drive_link
A134: B28 | B134: Chloroform | C134: CHCl3 | D134: A - 1022 - SmartLab dan 67663 - RCl Labscan | E134: 4000 | F134: mL | G134: 3000 | H134: MBAS | I134: Chloroform | J134: https://drive.google.com/file/d/1XJl0yAW65MHMtrIeJWqClKPWRt940ap-/view?usp=drive_link
A135: B29 | B135: Methanol | C135: CH3OH | D135: A - 1056 - SmartLab | E135: 4000 | F135: mL | G135: 1000 | H135: MBAS | I135: https://drive.google.com/file/d/1c_xMUTC2D_Kq16zzoObZ0Ae4K7nRmh6y/view?usp=drive_link | J135: https://drive.google.com/file/d/1ygxwedOyTgJmStXYCugmmwMgT-1DsvN1/view?usp=drive_link
A136: B30 | B136: Acetic Acid Glasial | C136: CH3COOH | D136: A - 1001 - SmartLab | E136: 2500 | F136: mL | G136: 500 | H136: CN, PO4, NO2-UA, | I136: https://drive.google.com/open?id=1MzFgy8_B4ZQ8n6XKO9uhli_8a7unbPQL | J136: https://drive.google.com/file/d/1hQZg95U8uJQOoqrQhkaCeikkpylW0pf8/view?usp=drive_link
A137: B31 | B137: n-Hexadecane | C137: C16H34 | D137: 8.20633 - SigmaAldrich | E137: 250 | F137: mL | G137: 50 | H137: OG | I137: https://drive.google.com/file/d/15TGXkl_WuOPltKUWpx95uojBXzOCnbCg/view?usp=drive_link | J137: https://drive.google.com/file/d/1pmXVgvtfPVNCbv2MC3bZdXCnSwhFQ8CK/view?usp=drive_link
A138: B32 | B138: Orto-Asam Fosfor 85% | C138: H3PO4 | D138: A-1076 - Smartlab | E138: 2500 | F138: mL | G138: 500 | H138: Cr6+,SO2 UA,NO2 | I138: https://drive.google.com/file/d/12ObZkyk6h24YKJDvLfJx2lMTknk0DVGP/view?usp=drive_link | J138: https://drive.google.com/file/d/1nttINu5Tnxi7goZliMNn2_jXSAvYIpPJ/view?usp=drive_link
A139: B33 | B139: Sodium hypochlorite solution | C139: NaClO | D139: 239305 - SigmaAldrich | E139: 500 | F139: mL | G139: 200 | H139: NH3 | I139: https://drive.google.com/file/d/1I-Qhl9Ck1CvSdygSf1jujH9lbWANvJzS/view?usp=drive_link | J139: https://drive.google.com/file/d/1-dTQxkOkXw3-fMXrVIeKxcI83m7fHyRm/view?usp=drive_link
A140: B34 | B140: Vetro Clean | C140: - | D140: BTLC9001033 - SmartLab | E140: 500 | F140: mL | G140: 100 | H140: Pencuci alat gelas
A141: B35 | B141: Ethanol | C141: C2H6O | D141: 1.00983.2500 - SigmaAldrich | E141: 2500 | F141: mL | G141: 1000 | H141: NH3 | I141: https://drive.google.com/file/d/1eWZGdOGrYqE5N-wUkwSaERtC8vYpFkxf/view?usp=drive_link | J141: https://drive.google.com/file/d/1jPUChBVn8xJCp8SGymyigOgOF0iKrRNR/view?usp=drive_link
...

Sheet Kartu Stock
C1: Laboratorium Penguji PT Sentral Sistem Laboratory | K1: SSL-FR-6.6.8; Rev.00; 02 September 2024
C2: Kartu Stok Alat dan Bahan
A4: No. | B4: Kode Barang | C4: Nama Bahan kimia | D4: Rumus Kimia | E4: Qty/Pack | F4: Unit/Pack | G4: Min. Qty | H4: Actual Qty | I4: Total Incoming | J4: Total Usage | K4: Status | L4: Jika Limited Stock, PO Number | M4: Ket | N4: Kegunaan Analisa
A5: 1 | B5: A1 | C5: =IFERROR(VLOOKUP(B5,'Spesifikasi Bahan'!$A$2:$B$10074,2,FALSE),"") -> Stearic Acid | D5: =IFERROR(VLOOKUP(B5,'Spesifikasi Bahan'!$A$2:$C$10074,3,FALSE),"") -> C18H36O2 | E5: =IFERROR(VLOOKUP(B5,'Spesifikasi Bahan'!$A$2:$E$10074,5,FALSE),"") -> 500 | F5: =IFERROR(VLOOKUP(B5,'Spesifikasi Bahan'!$A$2:$F$10074,6,FALSE),"") -> gram | G5: =IFERROR(VLOOKUP(B5,'Spesifikasi Bahan'!$A$2:$G$10074,7,FALSE),"") -> 250 | H5: =I5-J5 -> 598.6 | I5: =SUMIF('Form Responses Incoming'!$C$2:$C$10131,B5,'Form Responses Incoming'!$D$2:D10131) -> 600 | J5: =SUMIF('Form Responses Usage'!$C$2:$C$11115,B5,'Form Responses Usage'!$D$2:$D$11115) -> 1.4 | K5: =IF(H5<G5,"Limited Stock","OK") -> OK | L5: =IFERROR(VLOOKUP(B5,'Spesifikasi Bahan'!$A$2:$D$10074,4,FALSE),"") -> 1.75366.0100 SigmaAldrich | N5: #N/A
A6: 2 | B6: A2 | C6: =IFERROR(VLOOKUP(B6,'Spesifikasi Bahan'!$A$2:$B$10074,2,FALSE),"") -> 1,8-Dihydroxy-2-(4-Sulfophenylazo)-Naphthalen-3,6-Disulfonic Acid Trisodium Salt/SPADNS | D6: =IFERROR(VLOOKUP(B6,'Spesifikasi Bahan'!$A$2:$C$10074,3,FALSE),"") -> - | E6: =IFERROR(VLOOKUP(B6,'Spesifikasi Bahan'!$A$2:$E$10074,5,FALSE),"") -> 25 | F6: =IFERROR(VLOOKUP(B6,'Spesifikasi Bahan'!$A$2:$F$10074,6,FALSE),"") -> gram | G6: =IFERROR(VLOOKUP(B6,'Spesifikasi Bahan'!$A$2:$G$10074,7,FALSE),"") -> 10 | H6: =I6-J6 -> 496.6455 | I6: =SUMIF('Form Responses Incoming'!$C$2:$C$10131,B6,'Form Responses Incoming'!$D$2:D10132) -> 500 | J6: =SUMIF('Form Responses Usage'!$C$2:$C$11115,B6,'Form Responses Usage'!$D$2:$D$11115) -> 3.3545 | K6: =IF(H6<G6,"Limited Stock","OK") -> OK | L6: =IFERROR(VLOOKUP(B6,'Spesifikasi Bahan'!$A$2:$D$10074,4,FALSE),"") -> 1.07998.0025 - SigmaAldrich | N6: #N/A
A7: 3 | B7: A3 | C7: =IFERROR(VLOOKUP(B7,'Spesifikasi Bahan'!$A$2:$B$10074,2,FALSE),"") -> N-(1-Naphtyl)ethylenediamine dihydrochloride NEDA | D7: =IFERROR(VLOOKUP(B7,'Spesifikasi Bahan'!$A$2:$C$10074,3,FALSE),"") -> - | E7: =IFERROR(VLOOKUP(B7,'Spesifikasi Bahan'!$A$2:$E$10074,5,FALSE),"") -> 25 | F7: =IFERROR(VLOOKUP(B7,'Spesifikasi Bahan'!$A$2:$F$10074,6,FALSE),"") -> gram | G7: =IFERROR(VLOOKUP(B7,'Spesifikasi Bahan'!$A$2:$G$10074,7,FALSE),"") -> 10 | H7: =I7-J7 -> 21.896 | I7: =SUMIF('Form Responses Incoming'!$C$2:$C$10131,B7,'Form Responses Incoming'!$D$2:D10133) -> 25 | J7: =SUMIF('Form Responses Usage'!$C$2:$C$11115,B7,'Form Responses Usage'!$D$2:$D$11115) -> 3.104 | K7: =IF(H7<G7,"Limited Stock","OK") -> OK | L7: =IFERROR(VLOOKUP(B7,'Spesifikasi Bahan'!$A$2:$D$10074,4,FALSE),"") -> 1.06237.0025 - SigmaAldrich | N7: #N/A
A8: 4 | B8: A4 | C8: =IFERROR(VLOOKUP(B8,'Spesifikasi Bahan'!$A$2:$B$10074,2,FALSE),"") -> Butir Cadmium | D8: =IFERROR(VLOOKUP(B8,'Spesifikasi Bahan'!$A$2:$C$10074,3,FALSE),"") -> Cd | E8: =IFERROR(VLOOKUP(B8,'Spesifikasi Bahan'!$A$2:$E$10074,5,FALSE),"") -> 250 | F8: =IFERROR(VLOOKUP(B8,'Spesifikasi Bahan'!$A$2:$F$10074,6,FALSE),"") -> gram | G8: =IFERROR(VLOOKUP(B8,'Spesifikasi Bahan'!$A$2:$G$10074,7,FALSE),"") -> 100 | H8: =I8-J8 -> 425 | I8: =SUMIF('Form Responses Incoming'!$C$2:$C$10131,B8,'Form Responses Incoming'!$D$2:D10134) -> 500 | J8: =SUMIF('Form Responses Usage'!$C$2:$C$11115,B8,'Form Responses Usage'!$D$2:$D$11115) -> 75 | K8: =IF(H8<G8,"Limited Stock","OK") -> OK | L8: =IFERROR(VLOOKUP(B8,'Spesifikasi Bahan'!$A$2:$D$10074,4,FALSE),"") -> 1.02001.0250 - SigmaAldrich | N8: #N/A
A9: 5 | B9: A5 | C9: =IFERROR(VLOOKUP(B9,'Spesifikasi Bahan'!$A$2:$B$10074,2,FALSE),"") -> L-Glutamic Acid | D9: =IFERROR(VLOOKUP(B9,'Spesifikasi Bahan'!$A$2:$C$10074,3,FALSE),"") -> C5H9NO4 | E9: =IFERROR(VLOOKUP(B9,'Spesifikasi Bahan'!$A$2:$E$10074,5,FALSE),"") -> 250 | F9: =IFERROR(VLOOKUP(B9,'Spesifikasi Bahan'!$A$2:$F$10074,6,FALSE),"") -> gram | G9: =IFERROR(VLOOKUP(B9,'Spesifikasi Bahan'!$A$2:$G$10074,7,FALSE),"") -> 100 | H9: =I9-J9 -> 116.3578 | I9: =SUMIF('Form Responses Incoming'!$C$2:$C$10131,B9,'Form Responses Incoming'!$D$2:D10135) -> 250 | J9: =SUMIF('Form Responses Usage'!$C$2:$C$11115,B9,'Form Responses Usage'!$D$2:$D$11115) -> 133.6422 | K9: =IF(H9<G9,"Limited Stock","OK") -> OK | L9: =IFERROR(VLOOKUP(B9,'Spesifikasi Bahan'!$A$2:$D$10074,4,FALSE),"") -> 1.00291.0250 - SigmaAldrich | N9: #N/A
A10: 6 | B10: A6 | C10: =IFERROR(VLOOKUP(B10,'Spesifikasi Bahan'!$A$2:$B$10074,2,FALSE),"") -> Starch Soluble | D10: =IFERROR(VLOOKUP(B10,'Spesifikasi Bahan'!$A$2:$C$10074,3,FALSE),"") -> (C₆H₁₀O₅)n | E10: =IFERROR(VLOOKUP(B10,'Spesifikasi Bahan'!$A$2:$E$10074,5,FALSE),"") -> 100 | F10: =IFERROR(VLOOKUP(B10,'Spesifikasi Bahan'!$A$2:$F$10074,6,FALSE),"") -> gram | G10: =IFERROR(VLOOKUP(B10,'Spesifikasi Bahan'!$A$2:$G$10074,7,FALSE),"") -> 10 | H10: =I10-J10 -> 98.073 | I10: =SUMIF('Form Responses Incoming'!$C$2:$C$10131,B10,'Form Responses Incoming'!$D$2:D10136) -> 100 | J10: =SUMIF('Form Responses Usage'!$C$2:$C$11115,B10,'Form Responses Usage'!$D$2:$D$11115) -> 1.927 | K10: =IF(H10<G10,"Limited Stock","OK") -> OK | L10: =IFERROR(VLOOKUP(B10,'Spesifikasi Bahan'!$A$2:$D$10074,4,FALSE),"") -> 1.01252.0100 - Merck | N10: #N/A
A11: 7 | B11: A7 | C11: =IFERROR(VLOOKUP(B11,'Spesifikasi Bahan'!$A$2:$B$10074,2,FALSE),"") -> Tembaga(II) Sulfat Pentahidrat | D11: =IFERROR(VLOOKUP(B11,'Spesifikasi Bahan'!$A$2:$C$10074,3,FALSE),"") -> CuSO4.5H2O | E11: =IFERROR(VLOOKUP(B11,'Spesifikasi Bahan'!$A$2:$E$10074,5,FALSE),"") -> 1000 | F11: =IFERROR(VLOOKUP(B11,'Spesifikasi Bahan'!$A$2:$F$10074,6,FALSE),"") -> gram | G11: =IFERROR(VLOOKUP(B11,'Spesifikasi Bahan'!$A$2:$G$10074,7,FALSE),"") -> 250 | H11: =I11-J11 -> 965 | I11: =SUMIF('Form Responses Incoming'!$C$2:$C$10131,B11,'Form Responses Incoming'!$D$2:D10137) -> 1025 | J11: =SUMIF('Form Responses Usage'!$C$2:$C$11115,B11,'Form Responses Usage'!$D$2:$D$11115) -> 60 | K11: =IF(H11<G11,"Limited Stock","OK") -> OK | L11: =IFERROR(VLOOKUP(B11,'Spesifikasi Bahan'!$A$2:$D$10074,4,FALSE),"") -> A-2002 - Smartlab | N11: #N/A
A12: 8 | B12: A8 | C12: =IFERROR(VLOOKUP(B12,'Spesifikasi Bahan'!$A$2:$B$10074,2,FALSE),"") -> Magnesium Chloride Hexahydrate | D12: =IFERROR(VLOOKUP(B12,'Spesifikasi Bahan'!$A$2:$C$10074,3,FALSE),"") -> MgCl2.6H2O | E12: =IFERROR(VLOOKUP(B12,'Spesifikasi Bahan'!$A$2:$E$10074,5,FALSE),"") -> 250 | F12: =IFERROR(VLOOKUP(B12,'Spesifikasi Bahan'!$A$2:$F$10074,6,FALSE),"") -> gram | G12: =IFERROR(VLOOKUP(B12,'Spesifikasi Bahan'!$A$2:$G$10074,7,FALSE),"") -> 100 | H12: =I12-J12 -> 304.9894 | I12: =SUMIF('Form Responses Incoming'!$C$2:$C$10131,B12,'Form Responses Incoming'!$D$2:D10138) -> 500 | J12: =SUMIF('Form Responses Usage'!$C$2:$C$11115,B12,'Form Responses Usage'!$D$2:$D$11115) -> 195.0106 | K12: =IF(H12<G12,"Limited Stock","OK") -> OK | L12: =IFERROR(VLOOKUP(B12,'Spesifikasi Bahan'!$A$2:$D$10074,4,FALSE),"") -> 1.05833.0250 - Merck | N12: #N/A
A13: 9 | B13: A9 | C13: =IFERROR(VLOOKUP(B13,'Spesifikasi Bahan'!$A$2:$B$10074,2,FALSE),"") -> Potasium Iodida | D13: =IFERROR(VLOOKUP(B13,'Spesifikasi Bahan'!$A$2:$C$10074,3,FALSE),"") -> KI | E13: =IFERROR(VLOOKUP(B13,'Spesifikasi Bahan'!$A$2:$E$10074,5,FALSE),"") -> 500 | F13: =IFERROR(VLOOKUP(B13,'Spesifikasi Bahan'!$A$2:$F$10074,6,FALSE),"") -> gram | G13: =IFERROR(VLOOKUP(B13,'Spesifikasi Bahan'!$A$2:$G$10074,7,FALSE),"") -> 10 | H13: =I13-J13 -> 448.9888 | I13: =SUMIF('Form Responses Incoming'!$C$2:$C$10131,B13,'Form Responses Incoming'!$D$2:D10139) -> 500 | J13: =SUMIF('Form Responses Usage'!$C$2:$C$11115,B13,'Form Responses Usage'!$D$2:$D$11115) -> 51.0112 | K13: =IF(H13<G13,"Limited Stock","OK") -> OK | L13: =IFERROR(VLOOKUP(B13,'Spesifikasi Bahan'!$A$2:$D$10074,4,FALSE),"") -> A-2039 - Smart - Lab | N13: #N/A
A14: 10 | B14: A10 | C14: =IFERROR(VLOOKUP(B14,'Spesifikasi Bahan'!$A$2:$B$10074,2,FALSE),"") -> orto-Asam Fosfor 85% | D14: =IFERROR(VLOOKUP(B14,'Spesifikasi Bahan'!$A$2:$C$10074,3,FALSE),"") -> (COOH)₂.2 H₂O | E14: =IFERROR(VLOOKUP(B14,'Spesifikasi Bahan'!$A$2:$E$10074,5,FALSE),"") -> 500 | F14: =IFERROR(VLOOKUP(B14,'Spesifikasi Bahan'!$A$2:$F$10074,6,FALSE),"") -> gram | G14: =IFERROR(VLOOKUP(B14,'Spesifikasi Bahan'!$A$2:$G$10074,7,FALSE),"") -> 50 | H14: =I14-J14 -> 524.3698 | I14: =SUMIF('Form Responses Incoming'!$C$2:$C$10131,B14,'Form Responses Incoming'!$D$2:D10140) -> 525 | J14: =SUMIF('Form Responses Usage'!$C$2:$C$11115,B14,'Form Responses Usage'!$D$2:$D$11115) -> 0.6302 | K14: =IF(H14<G14,"Limited Stock","OK") -> OK | L14: =IFERROR(VLOOKUP(B14,'Spesifikasi Bahan'!$A$2:$D$10074,4,FALSE),"") -> 05074 - LobaChemie | N14: #N/A
A15: 11 | B15: A11 | C15: =IFERROR(VLOOKUP(B15,'Spesifikasi Bahan'!$A$2:$B$10074,2,FALSE),"") -> Potasium Klorida | D15: =IFERROR(VLOOKUP(B15,'Spesifikasi Bahan'!$A$2:$C$10074,3,FALSE),"") -> KCl | E15: =IFERROR(VLOOKUP(B15,'Spesifikasi Bahan'!$A$2:$E$10074,5,FALSE),"") -> 500 | F15: =IFERROR(VLOOKUP(B15,'Spesifikasi Bahan'!$A$2:$F$10074,6,FALSE),"") -> gram | G15: =IFERROR(VLOOKUP(B15,'Spesifikasi Bahan'!$A$2:$G$10074,7,FALSE),"") -> 10 | H15: =I15-J15 -> 300 | I15: =SUMIF('Form Responses Incoming'!$C$2:$C$10131,B15,'Form Responses Incoming'!$D$2:D10141) -> 300 | J15: =SUMIF('Form Responses Usage'!$C$2:$C$11115,B15,'Form Responses Usage'!$D$2:$D$11115) -> 0 | K15: =IF(H15<G15,"Limited Stock","OK") -> OK | L15: =IFERROR(VLOOKUP(B15,'Spesifikasi Bahan'!$A$2:$D$10074,4,FALSE),"") -> 1.04936.0250 - SigmaAldrich | N15: #N/A
A16: 12 | B16: A12 | C16: =IFERROR(VLOOKUP(B16,'Spesifikasi Bahan'!$A$2:$B$10074,2,FALSE),"") -> Potasium Iodat | D16: =IFERROR(VLOOKUP(B16,'Spesifikasi Bahan'!$A$2:$C$10074,3,FALSE),"") -> KIO₃ | E16: =IFERROR(VLOOKUP(B16,'Spesifikasi Bahan'!$A$2:$E$10074,5,FALSE),"") -> 100 | F16: =IFERROR(VLOOKUP(B16,'Spesifikasi Bahan'!$A$2:$F$10074,6,FALSE),"") -> gram | G16: =IFERROR(VLOOKUP(B16,'Spesifikasi Bahan'!$A$2:$G$10074,7,FALSE),"") -> 50 | H16: =I16-J16 -> 101.8165 | I16: =SUMIF('Form Responses Incoming'!$C$2:$C$10131,B16,'Form Responses Incoming'!$D$2:D10142) -> 105 | J16: =SUMIF('Form Responses Usage'!$C$2:$C$11115,B16,'Form Responses Usage'!$D$2:$D$11115) -> 3.1835 | K16: =IF(H16<G16,"Limited Stock","OK") -> OK | L16: =IFERROR(VLOOKUP(B16,'Spesifikasi Bahan'!$A$2:$D$10074,4,FALSE),"") -> 215929.0100 SigmaAldrich | M16: bahan pendukung, di hold | N16: #N/A
A17: 13 | B17: A13 | C17: =IFERROR(VLOOKUP(B17,'Spesifikasi Bahan'!$A$2:$B$10074,2,FALSE),"") -> Potasium Kromat | D17: =IFERROR(VLOOKUP(B17,'Spesifikasi Bahan'!$A$2:$C$10074,3,FALSE),"") -> K₂CrO₄ | E17: =IFERROR(VLOOKUP(B17,'Spesifikasi Bahan'!$A$2:$E$10074,5,FALSE),"") -> 100 | F17: =IFERROR(VLOOKUP(B17,'Spesifikasi Bahan'!$A$2:$F$10074,6,FALSE),"") -> gram | G17: =IFERROR(VLOOKUP(B17,'Spesifikasi Bahan'!$A$2:$G$10074,7,FALSE),"") -> 10 | H17: =I17-J17 -> 60 | I17: =SUMIF('Form Responses Incoming'!$C$2:$C$10131,B17,'Form Responses Incoming'!$D$2:D10143) -> 110 | J17: =SUMIF('Form Responses Usage'!$C$2:$C$11115,B17,'Form Responses Usage'!$D$2:$D$11115) -> 50 | K17: =IF(H17<G17,"Limited Stock","OK") -> OK | L17: =IFERROR(VLOOKUP(B17,'Spesifikasi Bahan'!$A$2:$D$10074,4,FALSE),"") -> 05344 - LobaChemie | N17: #N/A
A18: 14 | B18: A14 | C18: =IFERROR(VLOOKUP(B18,'Spesifikasi Bahan'!$A$2:$B$10074,2,FALSE),"") -> Dodecyl Sulfate Sodium Salt | D18: =IFERROR(VLOOKUP(B18,'Spesifikasi Bahan'!$A$2:$C$10074,3,FALSE),"") -> C12H25NaO4S | E18: =IFERROR(VLOOKUP(B18,'Spesifikasi Bahan'!$A$2:$E$10074,5,FALSE),"") -> 105 | F18: =IFERROR(VLOOKUP(B18,'Spesifikasi Bahan'!$A$2:$F$10074,6,FALSE),"") -> gram | G18: =IFERROR(VLOOKUP(B18,'Spesifikasi Bahan'!$A$2:$G$10074,7,FALSE),"") -> 10 | H18: =I18-J18 -> 104 | I18: =SUMIF('Form Responses Incoming'!$C$2:$C$10131,B18,'Form Responses Incoming'!$D$2:D10144) -> 105 | J18: =SUMIF('Form Responses Usage'!$C$2:$C$11115,B18,'Form Responses Usage'!$D$2:$D$11115) -> 1 | K18: =IF(H18<G18,"Limited Stock","OK") -> OK | L18: =IFERROR(VLOOKUP(B18,'Spesifikasi Bahan'!$A$2:$D$10074,4,FALSE),"") -> 1.13760.0100 - SigmaAldrich | N18: #N/A
A19: 15 | B19: A15 | C19: =IFERROR(VLOOKUP(B19,'Spesifikasi Bahan'!$A$2:$B$10074,2,FALSE),"") -> Sulfanilamide | D19: =IFERROR(VLOOKUP(B19,'Spesifikasi Bahan'!$A$2:$C$10074,3,FALSE),"") -> C₆H₈N₂O₂S | E19: =IFERROR(VLOOKUP(B19,'Spesifikasi Bahan'!$A$2:$E$10074,5,FALSE),"") -> 100 | F19: =IFERROR(VLOOKUP(B19,'Spesifikasi Bahan'!$A$2:$F$10074,6,FALSE),"") -> gram | G19: =IFERROR(VLOOKUP(B19,'Spesifikasi Bahan'!$A$2:$G$10074,7,FALSE),"") -> 50 | H19: =I19-J19 -> 95 | I19: =SUMIF('Form Responses Incoming'!$C$2:$C$10131,B19,'Form Responses Incoming'!$D$2:D10145) -> 105 | J19: =SUMIF('Form Responses Usage'!$C$2:$C$11115,B19,'Form Responses Usage'!$D$2:$D$11115) -> 10 | K19: =IF(H19<G19,"Limited Stock","OK") -> OK | L19: =IFERROR(VLOOKUP(B19,'Spesifikasi Bahan'!$A$2:$D$10074,4,FALSE),"") -> 1.11799.0100 - Merck | N19: #N/A
A20: 16 | B20: A16 | C20: =IFERROR(VLOOKUP(B20,'Spesifikasi Bahan'!$A$2:$B$10074,2,FALSE),"") -> Kalium Antimon(III) Oksida Tartrat Trihidrat | D20: =IFERROR(VLOOKUP(B20,'Spesifikasi Bahan'!$A$2:$C$10074,3,FALSE),"") -> K₂(SbO)₂C₈H₄O₁₀ . 3 H₂O | E20: =IFERROR(VLOOKUP(B20,'Spesifikasi Bahan'!$A$2:$E$10074,5,FALSE),"") -> 250 | F20: =IFERROR(VLOOKUP(B20,'Spesifikasi Bahan'!$A$2:$F$10074,6,FALSE),"") -> gram | G20: =IFERROR(VLOOKUP(B20,'Spesifikasi Bahan'!$A$2:$G$10074,7,FALSE),"") -> 100 | H20: =I20-J20 -> 499.808 | I20: =SUMIF('Form Responses Incoming'!$C$2:$C$10131,B20,'Form Responses Incoming'!$D$2:D10146) -> 500 | J20: =SUMIF('Form Responses Usage'!$C$2:$C$11115,B20,'Form Responses Usage'!$D$2:$D$11115) -> 0.192 | K20: =IF(H20<G20,"Limited Stock","OK") -> OK | L20: =IFERROR(VLOOKUP(B20,'Spesifikasi Bahan'!$A$2:$D$10074,4,FALSE),"") -> 1.08092.0250 - Supelco | N20: #N/A
A21: 17 | B21: A17 | C21: =IFERROR(VLOOKUP(B21,'Spesifikasi Bahan'!$A$2:$B$10074,2,FALSE),"") -> Sulfanilic Acid | D21: =IFERROR(VLOOKUP(B21,'Spesifikasi Bahan'!$A$2:$C$10074,3,FALSE),"") -> NH₂C₆H₄SO₃H | E21: =IFERROR(VLOOKUP(B21,'Spesifikasi Bahan'!$A$2:$E$10074,5,FALSE),"") -> 100 | F21: =IFERROR(VLOOKUP(B21,'Spesifikasi Bahan'!$A$2:$F$10074,6,FALSE),"") -> gram | G21: =IFERROR(VLOOKUP(B21,'Spesifikasi Bahan'!$A$2:$G$10074,7,FALSE),"") -> 100 | H21: =I21-J21 -> 340 | I21: =SUMIF('Form Responses Incoming'!$C$2:$C$10131,B21,'Form Responses Incoming'!$D$2:D10147) -> 350 | J21: =SUMIF('Form Responses Usage'!$C$2:$C$11115,B21,'Form Responses Usage'!$D$2:$D$11115) -> 10 | K21: =IF(H21<G21,"Limited Stock","OK") -> OK | L21: =IFERROR(VLOOKUP(B21,'Spesifikasi Bahan'!$A$2:$D$10074,4,FALSE),"") -> 1.00686.0250 - Supelco | N21: #N/A
A22: 18 | B22: A18 | C22: =IFERROR(VLOOKUP(B22,'Spesifikasi Bahan'!$A$2:$B$10074,2,FALSE),"") -> Manganese (II) Sulfate Monohydrate | D22: =IFERROR(VLOOKUP(B22,'Spesifikasi Bahan'!$A$2:$C$10074,3,FALSE),"") -> MnSO₄.H₂O | E22: =IFERROR(VLOOKUP(B22,'Spesifikasi Bahan'!$A$2:$E$10074,5,FALSE),"") -> 250 | F22: =IFERROR(VLOOKUP(B22,'Spesifikasi Bahan'!$A$2:$F$10074,6,FALSE),"") -> gram | G22: =IFERROR(VLOOKUP(B22,'Spesifikasi Bahan'!$A$2:$G$10074,7,FALSE),"") -> 100 | H22: =I22-J22 -> 250 | I22: =SUMIF('Form Responses Incoming'!$C$2:$C$10131,B22,'Form Responses Incoming'!$D$2:D10148) -> 250 | J22: =SUMIF('Form Responses Usage'!$C$2:$C$11115,B22,'Form Responses Usage'!$D$2:$D$11115) -> 0 | K22: =IF(H22<G22,"Limited Stock","OK") -> OK | L22: =IFERROR(VLOOKUP(B22,'Spesifikasi Bahan'!$A$2:$D$10074,4,FALSE),"") -> 1.05941.0250 - Supelco | N22: #N/A
A23: 19 | B23: A19 | C23: =IFERROR(VLOOKUP(B23,'Spesifikasi Bahan'!$A$2:$B$10074,2,FALSE),"") -> Potasium Hidrogen Ptalat | D23: =IFERROR(VLOOKUP(B23,'Spesifikasi Bahan'!$A$2:$C$10074,3,FALSE),"") -> C₈H₅KO₄ | E23: =IFERROR(VLOOKUP(B23,'Spesifikasi Bahan'!$A$2:$E$10074,5,FALSE),"") -> 250 | F23: =IFERROR(VLOOKUP(B23,'Spesifikasi Bahan'!$A$2:$F$10074,6,FALSE),"") -> gram | G23: =IFERROR(VLOOKUP(B23,'Spesifikasi Bahan'!$A$2:$G$10074,7,FALSE),"") -> 100 | H23: =I23-J23 -> 246.9221 | I23: =SUMIF('Form Responses Incoming'!$C$2:$C$10131,B23,'Form Responses Incoming'!$D$2:D10149) -> 250 | J23: =SUMIF('Form Responses Usage'!$C$2:$C$11115,B23,'Form Responses Usage'!$D$2:$D$11115) -> 3.0779 | K23: =IF(H23<G23,"Limited Stock","OK") -> OK | L23: =IFERROR(VLOOKUP(B23,'Spesifikasi Bahan'!$A$2:$D$10074,4,FALSE),"") -> 1.04874.0250 - Supelco | N23: #N/A
A24: 20 | B24: A20 | C24: =IFERROR(VLOOKUP(B24,'Spesifikasi Bahan'!$A$2:$B$10074,2,FALSE),"") -> Potasium Nitrat | D24: =IFERROR(VLOOKUP(B24,'Spesifikasi Bahan'!$A$2:$C$10074,3,FALSE),"") -> KNO₃ | E24: =IFERROR(VLOOKUP(B24,'Spesifikasi Bahan'!$A$2:$E$10074,5,FALSE),"") -> 500 | F24: =IFERROR(VLOOKUP(B24,'Spesifikasi Bahan'!$A$2:$F$10074,6,FALSE),"") -> gram | G24: =IFERROR(VLOOKUP(B24,'Spesifikasi Bahan'!$A$2:$G$10074,7,FALSE),"") -> 250 | H24: =I24-J24 -> 493.0777 | I24: =SUMIF('Form Responses Incoming'!$C$2:$C$10131,B24,'Form Responses Incoming'!$D$2:D10150) -> 500 | J24: =SUMIF('Form Responses Usage'!$C$2:$C$11115,B24,'Form Responses Usage'!$D$2:$D$11115) -> 6.9223 | K24: =IF(H24<G24,"Limited Stock","OK") -> OK | L24: =IFERROR(VLOOKUP(B24,'Spesifikasi Bahan'!$A$2:$D$10074,4,FALSE),"") -> 1.05063.0500 - Supelco | N24: #N/A
A25: 21 | B25: A21 | C25: =IFERROR(VLOOKUP(B25,'Spesifikasi Bahan'!$A$2:$B$10074,2,FALSE),"") -> Di-Sodium Hidrogen Posfat Dodekahidrat | D25: =IFERROR(VLOOKUP(B25,'Spesifikasi Bahan'!$A$2:$C$10074,3,FALSE),"") -> Na₂HPO₄.12H₂O | E25: =IFERROR(VLOOKUP(B25,'Spesifikasi Bahan'!$A$2:$E$10074,5,FALSE),"") -> 500 | F25: =IFERROR(VLOOKUP(B25,'Spesifikasi Bahan'!$A$2:$F$10074,6,FALSE),"") -> gram | G25: =IFERROR(VLOOKUP(B25,'Spesifikasi Bahan'!$A$2:$G$10074,7,FALSE),"") -> 200 | H25: =I25-J25 -> 416.0895 | I25: =SUMIF('Form Responses Incoming'!$C$2:$C$10131,B25,'Form Responses Incoming'!$D$2:D10151) -> 500 | J25: =SUMIF('Form Responses Usage'!$C$2:$C$11115,B25,'Form Responses Usage'!$D$2:$D$11115) -> 83.9105 | K25: =IF(H25<G25,"Limited Stock","OK") -> OK | L25: =IFERROR(VLOOKUP(B25,'Spesifikasi Bahan'!$A$2:$D$10074,4,FALSE),"") -> 1.06579.0500 - Supelco | N25: #N/A
A26: 22 | B26: A22 | C26: =IFERROR(VLOOKUP(B26,'Spesifikasi Bahan'!$A$2:$B$10074,2,FALSE),"") -> Sodium Hidroksida | D26: =IFERROR(VLOOKUP(B26,'Spesifikasi Bahan'!$A$2:$C$10074,3,FALSE),"") -> NaOH | E26: =IFERROR(VLOOKUP(B26,'Spesifikasi Bahan'!$A$2:$E$10074,5,FALSE),"") -> 500 | F26: =IFERROR(VLOOKUP(B26,'Spesifikasi Bahan'!$A$2:$F$10074,6,FALSE),"") -> gram | G26: =IFERROR(VLOOKUP(B26,'Spesifikasi Bahan'!$A$2:$G$10074,7,FALSE),"") -> 250 | H26: =I26-J26 -> 1048.1895 | I26: =SUMIF('Form Responses Incoming'!$C$2:$C$10131,B26,'Form Responses Incoming'!$D$2:D10152) -> 1500 | J26: =SUMIF('Form Responses Usage'!$C$2:$C$11115,B26,'Form Responses Usage'!$D$2:$D$11115) -> 451.8105 | K26: =IF(H26<G26,"Limited Stock","OK") -> OK | L26: =IFERROR(VLOOKUP(B26,'Spesifikasi Bahan'!$A$2:$D$10074,4,FALSE),"") -> 1.06498.0500 - Supelco/ 605K6006 - Kanto Chemical | N26: #N/A
A27: 23 | B27: A23 | C27: =IFERROR(VLOOKUP(B27,'Spesifikasi Bahan'!$A$2:$B$10074,2,FALSE),"") -> Sodium Dihidrogen Posfat Monohidrat | D27: =IFERROR(VLOOKUP(B27,'Spesifikasi Bahan'!$A$2:$C$10074,3,FALSE),"") -> NaH₂PO₄.H₂O | E27: =IFERROR(VLOOKUP(B27,'Spesifikasi Bahan'!$A$2:$E$10074,5,FALSE),"") -> 1000 | F27: =IFERROR(VLOOKUP(B27,'Spesifikasi Bahan'!$A$2:$F$10074,6,FALSE),"") -> gram | G27: =IFERROR(VLOOKUP(B27,'Spesifikasi Bahan'!$A$2:$G$10074,7,FALSE),"") -> 500 | H27: =I27-J27 -> 832.4822 | I27: =SUMIF('Form Responses Incoming'!$C$2:$C$10131,B27,'Form Responses Incoming'!$D$2:D10153) -> 1000 | J27: =SUMIF('Form Responses Usage'!$C$2:$C$11115,B27,'Form Responses Usage'!$D$2:$D$11115) -> 167.5178 | K27: =IF(H27<G27,"Limited Stock","OK") -> OK | L27: =IFERROR(VLOOKUP(B27,'Spesifikasi Bahan'!$A$2:$D$10074,4,FALSE),"") -> 1.06346.1000 - Supelco | N27: #N/A
A28: 24 | B28: A24 | C28: =IFERROR(VLOOKUP(B28,'Spesifikasi Bahan'!$A$2:$B$10074,2,FALSE),"") -> Phenol | D28: =IFERROR(VLOOKUP(B28,'Spesifikasi Bahan'!$A$2:$C$10074,3,FALSE),"") -> C₆H₅OH | E28: =IFERROR(VLOOKUP(B28,'Spesifikasi Bahan'!$A$2:$E$10074,5,FALSE),"") -> 250 | F28: =IFERROR(VLOOKUP(B28,'Spesifikasi Bahan'!$A$2:$F$10074,6,FALSE),"") -> gram | G28: =IFERROR(VLOOKUP(B28,'Spesifikasi Bahan'!$A$2:$G$10074,7,FALSE),"") -> 100 | H28: =I28-J28 -> 325.2 | I28: =SUMIF('Form Responses Incoming'!$C$2:$C$10131,B28,'Form Responses Incoming'!$D$2:D10154) -> 750 | J28: =SUMIF('Form Responses Usage'!$C$2:$C$11115,B28,'Form Responses Usage'!$D$2:$D$11115) -> 424.8 | K28: =IF(H28<G28,"Limited Stock","OK") -> OK | L28: =IFERROR(VLOOKUP(B28,'Spesifikasi Bahan'!$A$2:$D$10074,4,FALSE),"") -> 1.00206.1000 - Supelco | N28: #N/A
... A65: 61 | B65: B19 | C65: =IFERROR(VLOOKUP(B65,'Spesifikasi Bahan'!$A$2:$B$10074,2,FALSE),"") -> Antimony Standard Solution | D65: =IFERROR(VLOOKUP(B65,'Spesifikasi Bahan'!$A$2:$C$10074,3,FALSE),"") -> Sb | E65: =IFERROR(VLOOKUP(B65,'Spesifikasi Bahan'!$A$2:$E$10074,5,FALSE),"") -> 500 | F65: =IFERROR(VLOOKUP(B65,'Spesifikasi Bahan'!$A$2:$F$10074,6,FALSE),"") -> mL | G65: =IFERROR(VLOOKUP(B65,'Spesifikasi Bahan'!$A$2:$G$10074,7,FALSE),"") -> 10 | H65: =I65-J65 -> 469 | I65: =SUMIF('Form Responses Incoming'!$C$2:$C$10131,B65,'Form Responses Incoming'!$D$2:D10191) -> 500 | J65: =SUMIF('Form Responses Usage'!$C$2:$C$11115,B65,'Form Responses Usage'!$D$2:$D$11115) -> 31 | K65: =IF(H65<G65,"Limited Stock","OK") -> OK | L65: =IFERROR(VLOOKUP(B65,'Spesifikasi Bahan'!$A$2:$D$10074,4,FALSE),"") -> 1.70204.0500 - Supelco | N65: #N/A
A66: 62 | B66: B20 | C66: =IFERROR(VLOOKUP(B66,'Spesifikasi Bahan'!$A$2:$B$10074,2,FALSE),"") -> Platinum Cobalt Standard Solution | D66: =IFERROR(VLOOKUP(B66,'Spesifikasi Bahan'!$A$2:$C$10074,3,FALSE),"") -> Pt-Co | E66: =IFERROR(VLOOKUP(B66,'Spesifikasi Bahan'!$A$2:$E$10074,5,FALSE),"") -> 250 | F66: =IFERROR(VLOOKUP(B66,'Spesifikasi Bahan'!$A$2:$F$10074,6,FALSE),"") -> mL | G66: 30 | H66: =I66-J66 -> 387.5 | I66: =SUMIF('Form Responses Incoming'!$C$2:$C$10131,B66,'Form Responses Incoming'!$D$2:D10192) -> 750 | J66: =SUMIF('Form Responses Usage'!$C$2:$C$11115,B66,'Form Responses Usage'!$D$2:$D$11115) -> 362.5 | K66: =IF(H66<G66,"Limited Stock","OK") -> OK | L66: =IFERROR(VLOOKUP(B66,'Spesifikasi Bahan'!$A$2:$D$10074,4,FALSE),"") -> 1.00246.0250 - Supelco | N66: #N/A
A67: 63 | B67: B21 | C67: =IFERROR(VLOOKUP(B67,'Spesifikasi Bahan'!$A$2:$B$10074,2,FALSE),"") -> Total Suspended Solid Calibration Standard | D67: =IFERROR(VLOOKUP(B67,'Spesifikasi Bahan'!$A$2:$C$10074,3,FALSE),"") -> TSS | E67: =IFERROR(VLOOKUP(B67,'Spesifikasi Bahan'!$A$2:$E$10074,5,FALSE),"") -> 100 | F67: =IFERROR(VLOOKUP(B67,'Spesifikasi Bahan'!$A$2:$F$10074,6,FALSE),"") -> mL | G67: =IFERROR(VLOOKUP(B67,'Spesifikasi Bahan'!$A$2:$G$10074,7,FALSE),"") -> 10 | H67: =I67-J67 -> 200 | I67: =SUMIF('Form Responses Incoming'!$C$2:$C$10131,B67,'Form Responses Incoming'!$D$2:D10193) -> 200 | J67: =SUMIF('Form Responses Usage'!$C$2:$C$11115,B67,'Form Responses Usage'!$D$2:$D$11115) -> 0 | K67: =IF(H67<G67,"Limited Stock","OK") -> OK | L67: =IFERROR(VLOOKUP(B67,'Spesifikasi Bahan'!$A$2:$D$10074,4,FALSE),"") -> TSS100 - SigmaAldrich | N67: #N/A
A68: 64 | B68: B22 | C68: =IFERROR(VLOOKUP(B68,'Spesifikasi Bahan'!$A$2:$B$10074,2,FALSE),"") -> Lead Standard Solution | D68: =IFERROR(VLOOKUP(B68,'Spesifikasi Bahan'!$A$2:$C$10074,3,FALSE),"") -> Pb | E68: =IFERROR(VLOOKUP(B68,'Spesifikasi Bahan'!$A$2:$E$10074,5,FALSE),"") -> 500 | F68: =IFERROR(VLOOKUP(B68,'Spesifikasi Bahan'!$A$2:$F$10074,6,FALSE),"") -> mL | G68: =IFERROR(VLOOKUP(B68,'Spesifikasi Bahan'!$A$2:$G$10074,7,FALSE),"") -> 10 | H68: =I68-J68 -> 474.65 | I68: =SUMIF('Form Responses Incoming'!$C$2:$C$10131,B68,'Form Responses Incoming'!$D$2:D10194) -> 500 | J68: =SUMIF('Form Responses Usage'!$C$2:$C$11115,B68,'Form Responses Usage'!$D$2:$D$11115) -> 25.35 | K68: =IF(H68<G68,"Limited Stock","OK") -> OK | L68: =IFERROR(VLOOKUP(B68,'Spesifikasi Bahan'!$A$2:$D$10074,4,FALSE),"") -> 1.19776.0500 - Supelco | N68: #N/A
A69: 65 | B69: B23 | C69: =IFERROR(VLOOKUP(B69,'Spesifikasi Bahan'!$A$2:$B$10074,2,FALSE),"") -> Nitric Acid | D69: =IFERROR(VLOOKUP(B69,'Spesifikasi Bahan'!$A$2:$C$10074,3,FALSE),"") -> HNO3 | E69: =IFERROR(VLOOKUP(B69,'Spesifikasi Bahan'!$A$2:$E$10074,5,FALSE),"") -> 2500 | F69: =IFERROR(VLOOKUP(B69,'Spesifikasi Bahan'!$A$2:$F$10074,6,FALSE),"") -> mL | G69: =IFERROR(VLOOKUP(B69,'Spesifikasi Bahan'!$A$2:$G$10074,7,FALSE),"") -> 500 | H69: =I69-J69 -> 2705.7 | I69: =SUMIF('Form Responses Incoming'!$C$2:$C$10131,B69,'Form Responses Incoming'!$D$2:D10195) -> 5000 | J69: =SUMIF('Form Responses Usage'!$C$2:$C$11115,B69,'Form Responses Usage'!$D$2:$D$11115) -> 2294.3 | K69: =IF(H69<G69,"Limited Stock","OK") -> OK | L69: =IFERROR(VLOOKUP(B69,'Spesifikasi Bahan'!$A$2:$D$10074,4,FALSE),"") -> A - 1063 - SmartLab AR1133-G2.5L - RCl Labscan | N69: #N/A
A70: 66 | B70: B24 | C70: =IFERROR(VLOOKUP(B70,'Spesifikasi Bahan'!$A$2:$B$10074,2,FALSE),"") -> Sulphuric Acid | D70: =IFERROR(VLOOKUP(B70,'Spesifikasi Bahan'!$A$2:$C$10074,3,FALSE),"") -> H2SO4 | E70: =IFERROR(VLOOKUP(B70,'Spesifikasi Bahan'!$A$2:$E$10074,5,FALSE),"") -> 2500 | F70: =IFERROR(VLOOKUP(B70,'Spesifikasi Bahan'!$A$2:$F$10074,6,FALSE),"") -> mL | G70: =IFERROR(VLOOKUP(B70,'Spesifikasi Bahan'!$A$2:$G$10074,7,FALSE),"") -> 500 | H70: =I70-J70 -> 4493.7 | I70: =SUMIF('Form Responses Incoming'!$C$2:$C$10131,B70,'Form Responses Incoming'!$D$2:D10196) -> 10500 | J70: =SUMIF('Form Responses Usage'!$C$2:$C$11115,B70,'Form Responses Usage'!$D$2:$D$11115) -> 6006.3 | K70: =IF(H70<G70,"Limited Stock","OK") -> OK | L70: =IFERROR(VLOOKUP(B70,'Spesifikasi Bahan'!$A$2:$D$10074,4,FALSE),"") -> A - 1092 - Smartlab, 0290C-LobaChemie, AR1193-G500ML - RCI Labscan | N70: #N/A
A71: 67 | B71: B25 | C71: =IFERROR(VLOOKUP(B71,'Spesifikasi Bahan'!$A$2:$B$10074,2,FALSE),"") -> Hydrochloric Acid | D71: =IFERROR(VLOOKUP(B71,'Spesifikasi Bahan'!$A$2:$C$10074,3,FALSE),"") -> HCl | E71: =IFERROR(VLOOKUP(B71,'Spesifikasi Bahan'!$A$2:$E$10074,5,FALSE),"") -> 2500 | F71: =IFERROR(VLOOKUP(B71,'Spesifikasi Bahan'!$A$2:$F$10074,6,FALSE),"") -> mL | G71: =IFERROR(VLOOKUP(B71,'Spesifikasi Bahan'!$A$2:$G$10074,7,FALSE),"") -> 100 | H71: =I71-J71 -> 4472.4 | I71: =SUMIF('Form Responses Incoming'!$C$2:$C$10131,B71,'Form Responses Incoming'!$D$2:D10197) -> 10000 | J71: =SUMIF('Form Responses Usage'!$C$2:$C$11115,B71,'Form Responses Usage'!$D$2:$D$11115) -> 5527.6 | K71: =IF(H71<G71,"Limited Stock","OK") -> OK | L71: =IFERROR(VLOOKUP(B71,'Spesifikasi Bahan'!$A$2:$D$10074,4,FALSE),"") -> A - 1050 - Smartlab AR1107-G2.5L - RCl Labscan | N71: #N/A
A72: 68 | B72: B26 | C72: =IFERROR(VLOOKUP(B72,'Spesifikasi Bahan'!$A$2:$B$10074,2,FALSE),"") -> Aceton | D72: =IFERROR(VLOOKUP(B72,'Spesifikasi Bahan'!$A$2:$C$10074,3,FALSE),"") -> (CH3)2CO | E72: =IFERROR(VLOOKUP(B72,'Spesifikasi Bahan'!$A$2:$E$10074,5,FALSE),"") -> 4000 | F72: =IFERROR(VLOOKUP(B72,'Spesifikasi Bahan'!$A$2:$F$10074,6,FALSE),"") -> mL | G72: =IFERROR(VLOOKUP(B72,'Spesifikasi Bahan'!$A$2:$G$10074,7,FALSE),"") -> 500 | H72: =I72-J72 -> 3675 | I72: =SUMIF('Form Responses Incoming'!$C$2:$C$10131,B72,'Form Responses Incoming'!$D$2:D10198) -> 8000 | J72: =SUMIF('Form Responses Usage'!$C$2:$C$11115,B72,'Form Responses Usage'!$D$2:$D$11115) -> 4325 | K72: =IF(H72<G72,"Limited Stock","OK") -> OK | L72: =IFERROR(VLOOKUP(B72,'Spesifikasi Bahan'!$A$2:$D$10074,4,FALSE),"") -> A - 1005 - SmartLab | N72: #N/A
A73: 69 | B73: B27 | C73: =IFERROR(VLOOKUP(B73,'Spesifikasi Bahan'!$A$2:$B$10074,2,FALSE),"") -> n-Hexane | D73: =IFERROR(VLOOKUP(B73,'Spesifikasi Bahan'!$A$2:$C$10074,3,FALSE),"") -> C6H14 | E73: =IFERROR(VLOOKUP(B73,'Spesifikasi Bahan'!$A$2:$E$10074,5,FALSE),"") -> 4000 | F73: =IFERROR(VLOOKUP(B73,'Spesifikasi Bahan'!$A$2:$F$10074,6,FALSE),"") -> mL | G73: =IFERROR(VLOOKUP(B73,'Spesifikasi Bahan'!$A$2:$G$10074,7,FALSE),"") -> 3000 | H73: =I73-J73 -> 3820 | I73: =SUMIF('Form Responses Incoming'!$C$2:$C$10131,B73,'Form Responses Incoming'!$D$2:D10199) -> 4000 | J73: =SUMIF('Form Responses Usage'!$C$2:$C$11115,B73,'Form Responses Usage'!$D$2:$D$11115) -> 180 | K73: =IF(H73<G73,"Limited Stock","OK") -> OK | L73: =IFERROR(VLOOKUP(B73,'Spesifikasi Bahan'!$A$2:$D$10074,4,FALSE),"") -> A - 1045 - SmartLab | N73: #N/A
A74: 70 | B74: B28 | C74: =IFERROR(VLOOKUP(B74,'Spesifikasi Bahan'!$A$2:$B$10074,2,FALSE),"") -> Chloroform | D74: =IFERROR(VLOOKUP(B74,'Spesifikasi Bahan'!$A$2:$C$10074,3,FALSE),"") -> CHCl3 | E74: =IFERROR(VLOOKUP(B74,'Spesifikasi Bahan'!$A$2:$E$10074,5,FALSE),"") -> 4000 | F74: =IFERROR(VLOOKUP(B74,'Spesifikasi Bahan'!$A$2:$F$10074,6,FALSE),"") -> mL | G74: =IFERROR(VLOOKUP(B74,'Spesifikasi Bahan'!$A$2:$G$10074,7,FALSE),"") -> 3000 | H74: =I74-J74 -> 3596 | I74: =SUMIF('Form Responses Incoming'!$C$2:$C$10131,B74,'Form Responses Incoming'!$D$2:D10200) -> 8000 | J74: =SUMIF('Form Responses Usage'!$C$2:$C$11115,B74,'Form Responses Usage'!$D$2:$D$11115) -> 4404 | K74: =IF(H74<G74,"Limited Stock","OK") -> OK | L74: =IFERROR(VLOOKUP(B74,'Spesifikasi Bahan'!$A$2:$D$10074,4,FALSE),"") -> A - 1022 - SmartLab dan 67663 - RCl Labscan | N74: #N/A
A75: 71 | B75: B29 | C75: =IFERROR(VLOOKUP(B75,'Spesifikasi Bahan'!$A$2:$B$10074,2,FALSE),"") -> Methanol | D75: =IFERROR(VLOOKUP(B75,'Spesifikasi Bahan'!$A$2:$C$10074,3,FALSE),"") -> CH3OH | E75: =IFERROR(VLOOKUP(B75,'Spesifikasi Bahan'!$A$2:$E$10074,5,FALSE),"") -> 4000 | F75: =IFERROR(VLOOKUP(B75,'Spesifikasi Bahan'!$A$2:$F$10074,6,FALSE),"") -> mL | G75: =IFERROR(VLOOKUP(B75,'Spesifikasi Bahan'!$A$2:$G$10074,7,FALSE),"") -> 1000 | H75: =I75-J75 -> 6705 | I75: =SUMIF('Form Responses Incoming'!$C$2:$C$10131,B75,'Form Responses Incoming'!$D$2:D10201) -> 8000 | J75: =SUMIF('Form Responses Usage'!$C$2:$C$11115,B75,'Form Responses Usage'!$D$2:$D$11115) -> 1295 | K75: =IF(H75<G75,"Limited Stock","OK") -> OK | L75: =IFERROR(VLOOKUP(B75,'Spesifikasi Bahan'!$A$2:$D$10074,4,FALSE),"") -> A - 1056 - SmartLab | N75: #N/A
A76: 72 | B76: B30 | C76: =IFERROR(VLOOKUP(B76,'Spesifikasi Bahan'!$A$2:$B$10074,2,FALSE),"") -> Acetic Acid Glasial | D76: =IFERROR(VLOOKUP(B76,'Spesifikasi Bahan'!$A$2:$C$10074,3,FALSE),"") -> CH3COOH | E76: =IFERROR(VLOOKUP(B76,'Spesifikasi Bahan'!$A$2:$E$10074,5,FALSE),"") -> 2500 | F76: =IFERROR(VLOOKUP(B76,'Spesifikasi Bahan'!$A$2:$F$10074,6,FALSE),"") -> mL | G76: =IFERROR(VLOOKUP(B76,'Spesifikasi Bahan'!$A$2:$G$10074,7,FALSE),"") -> 500 | H76: =I76-J76 -> 2230.2 | I76: =SUMIF('Form Responses Incoming'!$C$2:$C$10131,B76,'Form Responses Incoming'!$D$2:D10202) -> 2500 | J76: =SUMIF('Form Responses Usage'!$C$2:$C$11115,B76,'Form Responses Usage'!$D$2:$D$11115) -> 269.8 | K76: =IF(H76<G76,"Limited Stock","OK") -> OK | L76: =IFERROR(VLOOKUP(B76,'Spesifikasi Bahan'!$A$2:$D$10074,4,FALSE),"") -> A - 1001 - SmartLab | N76: #N/A
A77: 73 | B77: B31 | C77: =IFERROR(VLOOKUP(B77,'Spesifikasi Bahan'!$A$2:$B$10074,2,FALSE),"") -> n-Hexadecane | D77: =IFERROR(VLOOKUP(B77,'Spesifikasi Bahan'!$A$2:$C$10074,3,FALSE),"") -> C16H34 | E77: =IFERROR(VLOOKUP(B77,'Spesifikasi Bahan'!$A$2:$E$10074,5,FALSE),"") -> 250 | F77: =IFERROR(VLOOKUP(B77,'Spesifikasi Bahan'!$A$2:$F$10074,6,FALSE),"") -> mL | G77: =IFERROR(VLOOKUP(B77,'Spesifikasi Bahan'!$A$2:$G$10074,7,FALSE),"") -> 50 | H77: =I77-J77 -> 248.6 | I77: =SUMIF('Form Responses Incoming'!$C$2:$C$10131,B77,'Form Responses Incoming'!$D$2:D10203) -> 250 | J77: =SUMIF('Form Responses Usage'!$C$2:$C$11115,B77,'Form Responses Usage'!$D$2:$D$11115) -> 1.4 | K77: =IF(H77<G77,"Limited Stock","OK") -> OK | L77: =IFERROR(VLOOKUP(B77,'Spesifikasi Bahan'!$A$2:$D$10074,4,FALSE),"") -> 8.20633 - SigmaAldrich | N77: #N/A
A78: 74 | B78: B32 | C78: =IFERROR(VLOOKUP(B78,'Spesifikasi Bahan'!$A$2:$B$10074,2,FALSE),"") -> Orto-Asam Fosfor 85% | D78: =IFERROR(VLOOKUP(B78,'Spesifikasi Bahan'!$A$2:$C$10074,3,FALSE),"") -> H3PO4 | E78: =IFERROR(VLOOKUP(B78,'Spesifikasi Bahan'!$A$2:$E$10074,5,FALSE),"") -> 2500 | F78: =IFERROR(VLOOKUP(B78,'Spesifikasi Bahan'!$A$2:$F$10074,6,FALSE),"") -> mL | G78: =IFERROR(VLOOKUP(B78,'Spesifikasi Bahan'!$A$2:$G$10074,7,FALSE),"") -> 500 | H78: =I78-J78 -> 2365.7 | I78: =SUMIF('Form Responses Incoming'!$C$2:$C$10131,B78,'Form Responses Incoming'!$D$2:D10204) -> 2600 | J78: =SUMIF('Form Responses Usage'!$C$2:$C$11115,B78,'Form Responses Usage'!$D$2:$D$11115) -> 234.3 | K78: =IF(H78<G78,"Limited Stock","OK") -> OK | L78: =IFERROR(VLOOKUP(B78,'Spesifikasi Bahan'!$A$2:$D$10074,4,FALSE),"") -> A-1076 - Smartlab | N78: #N/A
... A116: 82 | B116: A69 | C116: =IFERROR(VLOOKUP(B116,'Spesifikasi Bahan'!$A$2:$B$10074,2,FALSE),"") -> Sodium Borohydride | D116: =IFERROR(VLOOKUP(B116,'Spesifikasi Bahan'!$A$2:$C$10074,3,FALSE),"") -> H4BNa | E116: =IFERROR(VLOOKUP(B116,'Spesifikasi Bahan'!$A$2:$E$10074,5,FALSE),"") -> 500 | F116: =IFERROR(VLOOKUP(B116,'Spesifikasi Bahan'!$A$2:$F$10074,6,FALSE),"") -> gram | G116: =IFERROR(VLOOKUP(B116,'Spesifikasi Bahan'!$A$2:$G$10074,7,FALSE),"") -> 100 | H116: =I116-J116 -> 537.0279 | I116: =SUMIF('Form Responses Incoming'!$C$2:$C$10131,B116,'Form Responses Incoming'!$D$2:D10242) -> 1000 | J116: =SUMIF('Form Responses Usage'!$C$2:$C$11115,B116,'Form Responses Usage'!$D$2:$D$11115) -> 462.9721 | K116: =IF(H116<G116,"Limited Stock","OK") -> OK | L116: =IFERROR(VLOOKUP(B116,'Spesifikasi Bahan'!$A$2:$D$10074,4,FALSE),"") -> 4.52882.0500 - SigmaAldrich | N116: #N/A
A117: 82 | B117: A70 | C117: =IFERROR(VLOOKUP(B117,'Spesifikasi Bahan'!$A$2:$B$10074,2,FALSE),"") -> Tryptic soy agar Casein-peptone soymealpeptone agar | D117: - | E117: 500 | F117: gram | G117: 100 | H117: 500 | I117: =SUMIF('Form Responses Incoming'!$C$2:$C$10131,B117,'Form Responses Incoming'!$D$2:D10243) -> 500 | J117: =SUMIF('Form Responses Usage'!$C$2:$C$11115,B117,'Form Responses Usage'!$D$2:$D$11115) -> 124.759 | K117: =IF(H117<G117,"Limited Stock","OK") -> OK | L117: =IFERROR(VLOOKUP(B117,'Spesifikasi Bahan'!$A$2:$D$10074,4,FALSE),"") -> 1.05458.0500 - Millipore | N117: #N/A
A118: 82 | B118: A71 | C118: =IFERROR(VLOOKUP(B118,'Spesifikasi Bahan'!$A$2:$B$10074,2,FALSE),"") -> Peptone water (buffered) | D118: - | E118: 500 | F118: gram | G118: 100 | H118: 500 | I118: =SUMIF('Form Responses Incoming'!$C$2:$C$10131,B118,'Form Responses Incoming'!$D$2:D10244) -> 500 | J118: =SUMIF('Form Responses Usage'!$C$2:$C$11115,B118,'Form Responses Usage'!$D$2:$D$11115) -> 25.574 | K118: =IF(H118<G118,"Limited Stock","OK") -> OK | L118: =IFERROR(VLOOKUP(B118,'Spesifikasi Bahan'!$A$2:$D$10074,4,FALSE),"") -> 1.07228.0500 - Millipore | N118: #N/A
A119: 82 | B119: A72 | C119: =IFERROR(VLOOKUP(B119,'Spesifikasi Bahan'!$A$2:$B$10074,2,FALSE),"") -> Potassium Cyanide 97% | D119: =IFERROR(VLOOKUP(B119,'Spesifikasi Bahan'!$A$2:$C$10074,3,FALSE),"") -> KCN | E119: =IFERROR(VLOOKUP(B119,'Spesifikasi Bahan'!$A$2:$E$10074,5,FALSE),"") -> 100 | F119: =IFERROR(VLOOKUP(B119,'Spesifikasi Bahan'!$A$2:$F$10074,6,FALSE),"") -> gram | G119: =IFERROR(VLOOKUP(B119,'Spesifikasi Bahan'!$A$2:$G$10074,7,FALSE),"") -> 10 | H119: =I119-J119 -> 99.749 | I119: =SUMIF('Form Responses Incoming'!$C$2:$C$10131,B119,'Form Responses Incoming'!$D$2:D10245) -> 100 | J119: =SUMIF('Form Responses Usage'!$C$2:$C$11115,B119,'Form Responses Usage'!$D$2:$D$11115) -> 0.251 | K119: =IF(H119<G119,"Limited Stock","OK") -> OK | L119: =IFERROR(VLOOKUP(B119,'Spesifikasi Bahan'!$A$2:$D$10074,4,FALSE),"") -> 05352 - LobaChemie | N119: #N/A
A120: 82 | B120: A73 | C120: =IFERROR(VLOOKUP(B120,'Spesifikasi Bahan'!$A$2:$B$10074,2,FALSE),"") -> Sodium Phosphate dibasic Heptahydrate | D120: =IFERROR(VLOOKUP(B120,'Spesifikasi Bahan'!$A$2:$C$10074,3,FALSE),"") -> Na2HPO4 · 7H2O | E120: =IFERROR(VLOOKUP(B120,'Spesifikasi Bahan'!$A$2:$E$10074,5,FALSE),"") -> 100 | F120: =IFERROR(VLOOKUP(B120,'Spesifikasi Bahan'!$A$2:$F$10074,6,FALSE),"") -> gram | G120: =IFERROR(VLOOKUP(B120,'Spesifikasi Bahan'!$A$2:$G$10074,7,FALSE),"") -> 10 | H120: =I120-J120 -> 100 | I120: =SUMIF('Form Responses Incoming'!$C$2:$C$10131,B120,'Form Responses Incoming'!$D$2:D10246) -> 100 | J120: =SUMIF('Form Responses Usage'!$C$2:$C$11115,B120,'Form Responses Usage'!$D$2:$D$11115) -> 0 | K120: =IF(H120<G120,"Limited Stock","OK") -> OK | L120: =IFERROR(VLOOKUP(B120,'Spesifikasi Bahan'!$A$2:$D$10074,4,FALSE),"") -> S9390.0100 - SigmaAldrich | N120: #N/A
A121: 82 | B121: A74 | C121: =IFERROR(VLOOKUP(B121,'Spesifikasi Bahan'!$A$2:$B$10074,2,FALSE),"") -> tri-Sodium Orthophosphate Dodecahydrate 98% | D121: =IFERROR(VLOOKUP(B121,'Spesifikasi Bahan'!$A$2:$C$10074,3,FALSE),"") -> Na3PO4.12H2O | E121: =IFERROR(VLOOKUP(B121,'Spesifikasi Bahan'!$A$2:$E$10074,5,FALSE),"") -> 500 | F121: =IFERROR(VLOOKUP(B121,'Spesifikasi Bahan'!$A$2:$F$10074,6,FALSE),"") -> gram | G121: =IFERROR(VLOOKUP(B121,'Spesifikasi Bahan'!$A$2:$G$10074,7,FALSE),"") -> 100 | H121: =I121-J121 -> 477.5 | I121: =SUMIF('Form Responses Incoming'!$C$2:$C$10131,B121,'Form Responses Incoming'!$D$2:D10247) -> 500 | J121: =SUMIF('Form Responses Usage'!$C$2:$C$11115,B121,'Form Responses Usage'!$D$2:$D$11115) -> 22.5 | K121: =IF(H121<G121,"Limited Stock","OK") -> OK | L121: =IFERROR(VLOOKUP(B121,'Spesifikasi Bahan'!$A$2:$D$10074,4,FALSE),"") -> 05960 - LobaChemie | N121: #N/A
A122: 82 | B122: A75 | C122: =IFERROR(VLOOKUP(B122,'Spesifikasi Bahan'!$A$2:$B$10074,2,FALSE),"") -> Diphenyl Carbazide 98% | D122: =IFERROR(VLOOKUP(B122,'Spesifikasi Bahan'!$A$2:$C$10074,3,FALSE),"") -> - | E122: =IFERROR(VLOOKUP(B122,'Spesifikasi Bahan'!$A$2:$E$10074,5,FALSE),"") -> 10 | F122: =IFERROR(VLOOKUP(B122,'Spesifikasi Bahan'!$A$2:$F$10074,6,FALSE),"") -> gram | G122: =IFERROR(VLOOKUP(B122,'Spesifikasi Bahan'!$A$2:$G$10074,7,FALSE),"") -> 1 | H122: =I122-J122 -> 5.238 | I122: =SUMIF('Form Responses Incoming'!$C$2:$C$10131,B122,'Form Responses Incoming'!$D$2:D10248) -> 10 | J122: =SUMIF('Form Responses Usage'!$C$2:$C$11115,B122,'Form Responses Usage'!$D$2:$D$11115) -> 4.762 | K122: =IF(H122<G122,"Limited Stock","OK") -> OK | L122: =IFERROR(VLOOKUP(B122,'Spesifikasi Bahan'!$A$2:$D$10074,4,FALSE),"") -> 03521 - LobaChemie | N122: #N/A
A123: 82 | B123: A76 | C123: =IFERROR(VLOOKUP(B123,'Spesifikasi Bahan'!$A$2:$B$10074,2,FALSE),"") -> Boric Acid | D123: =IFERROR(VLOOKUP(B123,'Spesifikasi Bahan'!$A$2:$C$10074,3,FALSE),"") -> H3BO3 | E123: =IFERROR(VLOOKUP(B123,'Spesifikasi Bahan'!$A$2:$E$10074,5,FALSE),"") -> 1000 | F123: =IFERROR(VLOOKUP(B123,'Spesifikasi Bahan'!$A$2:$F$10074,6,FALSE),"") -> gram | G123: =IFERROR(VLOOKUP(B123,'Spesifikasi Bahan'!$A$2:$G$10074,7,FALSE),"") -> 100 | H123: =I123-J123 -> 1000 | I123: =SUMIF('Form Responses Incoming'!$C$2:$C$10131,B123,'Form Responses Incoming'!$D$2:D10249) -> 1000 | J123: =SUMIF('Form Responses Usage'!$C$2:$C$11115,B123,'Form Responses Usage'!$D$2:$D$11115) -> 0 | K123: =IF(H123<G123,"Limited Stock","OK") -> OK | L123: =IFERROR(VLOOKUP(B123,'Spesifikasi Bahan'!$A$2:$D$10074,4,FALSE),"") -> A-2013 - Smartlab | N123: #N/A
A124: 82 | B124: A77 | C124: =IFERROR(VLOOKUP(B124,'Spesifikasi Bahan'!$A$2:$B$10074,2,FALSE),"") -> Trans-1,2-Diamino-Cyclohexane-N,N,N,N-Tetraacetic Acid Monohydrate 99% | D124: =IFERROR(VLOOKUP(B124,'Spesifikasi Bahan'!$A$2:$C$10074,3,FALSE),"") -> C14H22N2O8.H2O | E124: =IFERROR(VLOOKUP(B124,'Spesifikasi Bahan'!$A$2:$E$10074,5,FALSE),"") -> 25 | F124: =IFERROR(VLOOKUP(B124,'Spesifikasi Bahan'!$A$2:$F$10074,6,FALSE),"") -> gram | G124: =IFERROR(VLOOKUP(B124,'Spesifikasi Bahan'!$A$2:$G$10074,7,FALSE),"") -> 5 | H124: =I124-J124 -> 27.2467 | I124: =SUMIF('Form Responses Incoming'!$C$2:$C$10131,B124,'Form Responses Incoming'!$D$2:D10250) -> 50 | J124: =SUMIF('Form Responses Usage'!$C$2:$C$11115,B124,'Form Responses Usage'!$D$2:$D$11115) -> 22.7533 | K124: =IF(H124<G124,"Limited Stock","OK") -> OK | L124: =IFERROR(VLOOKUP(B124,'Spesifikasi Bahan'!$A$2:$D$10074,4,FALSE),"") -> 03215 - LobaChemie | N124: #N/A
A125: 82 | B125: B44 | C125: =IFERROR(VLOOKUP(B125,'Spesifikasi Bahan'!$A$2:$B$10074,2,FALSE),"") -> Sterikon plus Bioindikator | D125: =IFERROR(VLOOKUP(B125,'Spesifikasi Bahan'!$A$2:$C$10074,3,FALSE),"") -> - | E125: =IFERROR(VLOOKUP(B125,'Spesifikasi Bahan'!$A$2:$E$10074,5,FALSE),"") -> 15 | F125: =IFERROR(VLOOKUP(B125,'Spesifikasi Bahan'!$A$2:$F$10074,6,FALSE),"") -> pcs | G125: =IFERROR(VLOOKUP(B125,'Spesifikasi Bahan'!$A$2:$G$10074,7,FALSE),"") -> 3 | H125: =I125-J125 -> 4 | I125: =SUMIF('Form Responses Incoming'!$C$2:$C$10131,B125,'Form Responses Incoming'!$D$2:D10250) -> 15 | J125: =SUMIF('Form Responses Usage'!$C$2:$C$11115,B125,'Form Responses Usage'!$D$2:$D$11115) -> 11 | K125: =IF(H125<G125,"Limited Stock","OK") -> OK | L125: =IFERROR(VLOOKUP(B125,'Spesifikasi Bahan'!$A$2:$D$10074,4,FALSE),"") -> 1.10274.0001 - Milipore | N125: #N/A
A126: 82 | B126: A79 | C126: =IFERROR(VLOOKUP(B126,'Spesifikasi Bahan'!$A$2:$B$10074,2,FALSE),"") -> KWIK-STIK Escherichia coli ATCC 25922 | D126: =IFERROR(VLOOKUP(B126,'Spesifikasi Bahan'!$A$2:$C$10074,3,FALSE),"") -> - | E126: =IFERROR(VLOOKUP(B126,'Spesifikasi Bahan'!$A$2:$E$10074,5,FALSE),"") -> 2 | F126: =IFERROR(VLOOKUP(B126,'Spesifikasi Bahan'!$A$2:$F$10074,6,FALSE),"") -> pcs | G126: =IFERROR(VLOOKUP(B126,'Spesifikasi Bahan'!$A$2:$G$10074,7,FALSE),"") -> 1 | H126: =I126-J126 -> 1 | I126: =SUMIF('Form Responses Incoming'!$C$2:$C$10131,B126,'Form Responses Incoming'!$D$2:D10251) -> 2 | J126: =SUMIF('Form Responses Usage'!$C$2:$C$11115,B126,'Form Responses Usage'!$D$2:$D$11115) -> 1 | K126: =IF(H126<G126,"Limited Stock","OK") -> OK | L126: =IFERROR(VLOOKUP(B126,'Spesifikasi Bahan'!$A$2:$D$10074,4,FALSE),"") -> 0335P - Microbiologics | N126: #N/A
A127: 82 | B127: A80 | C127: =IFERROR(VLOOKUP(B127,'Spesifikasi Bahan'!$A$2:$B$10074,2,FALSE),"") -> Compact Dry EC | D127: =IFERROR(VLOOKUP(B127,'Spesifikasi Bahan'!$A$2:$C$10074,3,FALSE),"") -> - | E127: =IFERROR(VLOOKUP(B127,'Spesifikasi Bahan'!$A$2:$E$10074,5,FALSE),"") -> 240 | F127: =IFERROR(VLOOKUP(B127,'Spesifikasi Bahan'!$A$2:$F$10074,6,FALSE),"") -> pcs | G127: =IFERROR(VLOOKUP(B127,'Spesifikasi Bahan'!$A$2:$G$10074,7,FALSE),"") -> 50 | H127: =I127-J127 -> 191 | I127: =SUMIF('Form Responses Incoming'!$C$2:$C$10131,B127,'Form Responses Incoming'!$D$2:D10252) -> 240 | J127: =SUMIF('Form Responses Usage'!$C$2:$C$11115,B127,'Form Responses Usage'!$D$2:$D$11115) -> 49 | K127: =IF(H127<G127,"Limited Stock","OK") -> OK | L127: =IFERROR(VLOOKUP(B127,'Spesifikasi Bahan'!$A$2:$D$10074,4,FALSE),"") -> 54052 - Shimadzu | N127: #N/A
A128: 82 | B128: B46 | C128: =IFERROR(VLOOKUP(B128,'Spesifikasi Bahan'!$A$2:$B$10074,2,FALSE),"") -> Kovacs' Indole Reagent | D128: =IFERROR(VLOOKUP(B128,'Spesifikasi Bahan'!$A$2:$C$10074,3,FALSE),"") -> - | E128: =IFERROR(VLOOKUP(B128,'Spesifikasi Bahan'!$A$2:$E$10074,5,FALSE),"") -> 100 | F128: =IFERROR(VLOOKUP(B128,'Spesifikasi Bahan'!$A$2:$F$10074,6,FALSE),"") -> mL | G128: =IFERROR(VLOOKUP(B128,'Spesifikasi Bahan'!$A$2:$G$10074,7,FALSE),"") -> 10 | H128: =I128-J128 -> 97.54 | I128: =SUMIF('Form Responses Incoming'!$C$2:$C$10131,B128,'Form Responses Incoming'!$D$2:D10253) -> 100 | J128: =SUMIF('Form Responses Usage'!$C$2:$C$11115,B128,'Form Responses Usage'!$D$2:$D$11115) -> 2.46 | K128: =IF(H128<G128,"Limited Stock","OK") -> OK | L128: =IFERROR(VLOOKUP(B128,'Spesifikasi Bahan'!$A$2:$D$10074,4,FALSE),"") -> R008 - Himedia | N128: #N/A
A129: 82 | B129: A81 | C129: =IFERROR(VLOOKUP(B129,'Spesifikasi Bahan'!$A$2:$B$10074,2,FALSE),"") -> Tryptone Water | D129: =IFERROR(VLOOKUP(B129,'Spesifikasi Bahan'!$A$2:$C$10074,3,FALSE),"") -> - | E129: =IFERROR(VLOOKUP(B129,'Spesifikasi Bahan'!$A$2:$E$10074,5,FALSE),"") -> 500 | F129: =IFERROR(VLOOKUP(B129,'Spesifikasi Bahan'!$A$2:$F$10074,6,FALSE),"") -> gram | G129: =IFERROR(VLOOKUP(B129,'Spesifikasi Bahan'!$A$2:$G$10074,7,FALSE),"") -> 100 | H129: =I129-J129 -> 494.941 | I129: =SUMIF('Form Responses Incoming'!$C$2:$C$10131,B129,'Form Responses Incoming'!$D$2:D10254) -> 500 | J129: =SUMIF('Form Responses Usage'!$C$2:$C$11115,B129,'Form Responses Usage'!$D$2:$D$11115) -> 5.059 | K129: =IF(H129<G129,"Limited Stock","OK") -> OK | L129: =IFERROR(VLOOKUP(B129,'Spesifikasi Bahan'!$A$2:$D$10074,4,FALSE),"") -> M463l - Himedia | N129: #N/A
A130: 82 | B130: A82 | C130: =IFERROR(VLOOKUP(B130,'Spesifikasi Bahan'!$A$2:$B$10074,2,FALSE),"") -> Silver Nitrat | D130: =IFERROR(VLOOKUP(B130,'Spesifikasi Bahan'!$A$2:$C$10074,3,FALSE),"") -> AgNO3 | E130: =IFERROR(VLOOKUP(B130,'Spesifikasi Bahan'!$A$2:$E$10074,5,FALSE),"") -> 100 | F130: =IFERROR(VLOOKUP(B130,'Spesifikasi Bahan'!$A$2:$F$10074,6,FALSE),"") -> gram | G130: =IFERROR(VLOOKUP(B130,'Spesifikasi Bahan'!$A$2:$G$10074,7,FALSE),"") -> 10 | H130: =I130-J130 -> 97.605 | I130: =SUMIF('Form Responses Incoming'!$C$2:$C$10131,B130,'Form Responses Incoming'!$D$2:D10255) -> 100 | J130: =SUMIF('Form Responses Usage'!$C$2:$C$11115,B130,'Form Responses Usage'!$D$2:$D$11115) -> 2.395 | K130: =IF(H130<G130,"Limited Stock","OK") -> OK | L130: =IFERROR(VLOOKUP(B130,'Spesifikasi Bahan'!$A$2:$D$10074,4,FALSE),"") -> SA087 - Chem-supply | N130: #N/A
A131: 82 | B131: A83 | C131: =IFERROR(VLOOKUP(B131,'Spesifikasi Bahan'!$A$2:$B$10074,2,FALSE),"") -> Thiourea 99% | D131: =IFERROR(VLOOKUP(B131,'Spesifikasi Bahan'!$A$2:$C$10074,3,FALSE),"") -> NH2.CS.NH2 | E131: =IFERROR(VLOOKUP(B131,'Spesifikasi Bahan'!$A$2:$E$10074,5,FALSE),"") -> 500 | F131: =IFERROR(VLOOKUP(B131,'Spesifikasi Bahan'!$A$2:$F$10074,6,FALSE),"") -> gram | G131: =IFERROR(VLOOKUP(B131,'Spesifikasi Bahan'!$A$2:$G$10074,7,FALSE),"") -> 100 | H131: =I131-J131 -> 457.4197 | I131: =SUMIF('Form Responses Incoming'!$C$2:$C$10131,B131,'Form Responses Incoming'!$D$2:D10256) -> 500 | J131: =SUMIF('Form Responses Usage'!$C$2:$C$11115,B131,'Form Responses Usage'!$D$2:$D$11115) -> 42.5803 | K131: =IF(H131<G131,"Limited Stock","OK") -> OK | L131: =IFERROR(VLOOKUP(B131,'Spesifikasi Bahan'!$A$2:$D$10074,4,FALSE),"") -> 06292 - LobaChemie | N131: #N/A
A132: 82 | B132: A84 | C132: =IFERROR(VLOOKUP(B132,'Spesifikasi Bahan'!$A$2:$B$10074,2,FALSE),"") -> Test Kit Free Chlorine | D132: =IFERROR(VLOOKUP(B132,'Spesifikasi Bahan'!$A$2:$C$10074,3,FALSE),"") -> Cl2 | E132: =IFERROR(VLOOKUP(B132,'Spesifikasi Bahan'!$A$2:$E$10074,5,FALSE),"") -> 100 | F132: =IFERROR(VLOOKUP(B132,'Spesifikasi Bahan'!$A$2:$F$10074,6,FALSE),"") -> Pcs | G132: =IFERROR(VLOOKUP(B132,'Spesifikasi Bahan'!$A$2:$G$10074,7,FALSE),"") -> 10 | H132: =I132-J132 -> 71 | I132: =SUMIF('Form Responses Incoming'!$C$2:$C$10131,B132,'Form Responses Incoming'!$D$2:D10257) -> 100 | J132: =SUMIF('Form Responses Usage'!$C$2:$C$11115,B132,'Form Responses Usage'!$D$2:$D$11115) -> 29 | K132: =IF(H132<G132,"Limited Stock","OK") -> OK | L132: =IFERROR(VLOOKUP(B132,'Spesifikasi Bahan'!$A$2:$D$10074,4,FALSE),"") -> HI93701-01 | N132: #N/A
A133: 82 | B133: A85 | C133: =IFERROR(VLOOKUP(B133,'Spesifikasi Bahan'!$A$2:$B$10074,2,FALSE),"") -> Colilert*-18 | D133: =IFERROR(VLOOKUP(B133,'Spesifikasi Bahan'!$A$2:$C$10074,3,FALSE),"") -> - | E133: =IFERROR(VLOOKUP(B133,'Spesifikasi Bahan'!$A$2:$E$10074,5,FALSE),"") -> 200 | F133: =IFERROR(VLOOKUP(B133,'Spesifikasi Bahan'!$A$2:$F$10074,6,FALSE),"") -> Pcs | G133: =IFERROR(VLOOKUP(B133,'Spesifikasi Bahan'!$A$2:$G$10074,7,FALSE),"") -> 50 | H133: =I133-J133 -> 163 | I133: =SUMIF('Form Responses Incoming'!$C$2:$C$10131,B133,'Form Responses Incoming'!$D$2:D10255) -> 200 | J133: =SUMIF('Form Responses Usage'!$C$2:$C$11115,B133,'Form Responses Usage'!$D$2:$D$11115) -> 37 | K133: =IF(H133<G133,"Limited Stock","OK") -> OK | L133: =IFERROR(VLOOKUP(B133,'Spesifikasi Bahan'!$A$2:$D$10074,4,FALSE),"") -> WP200I-18 - IDEXX | N133: #N/A
A134: 82 | B134: A86 | C134: =IFERROR(VLOOKUP(B134,'Spesifikasi Bahan'!$A$2:$B$10074,2,FALSE),"") -> Quanti-Tray*/2000 | D134: =IFERROR(VLOOKUP(B134,'Spesifikasi Bahan'!$A$2:$C$10074,3,FALSE),"") -> - | E134: =IFERROR(VLOOKUP(B134,'Spesifikasi Bahan'!$A$2:$E$10074,5,FALSE),"") -> 100 | F134: =IFERROR(VLOOKUP(B134,'Spesifikasi Bahan'!$A$2:$F$10074,6,FALSE),"") -> Pcs | G134: =IFERROR(VLOOKUP(B134,'Spesifikasi Bahan'!$A$2:$G$10074,7,FALSE),"") -> 25 | H134: =I134-J134 -> 62 | I134: =SUMIF('Form Responses Incoming'!$C$2:$C$10131,B134,'Form Responses Incoming'!$D$2:D10256) -> 100 | J134: =SUMIF('Form Responses Usage'!$C$2:$C$11115,B134,'Form Responses Usage'!$D$2:$D$11115) -> 38 | K134: =IF(H134<G134,"Limited Stock","OK") -> OK | L134: =IFERROR(VLOOKUP(B134,'Spesifikasi Bahan'!$A$2:$D$10074,4,FALSE),"") -> WQT2K - IDEXX | N134: #N/A
A135: 82 | B135: A87 | C135: =IFERROR(VLOOKUP(B135,'Spesifikasi Bahan'!$A$2:$B$10074,2,FALSE),"") -> Dextrose Anhydrous | D135: =IFERROR(VLOOKUP(B135,'Spesifikasi Bahan'!$A$2:$C$10074,3,FALSE),"") -> C6H12O6 | E135: =IFERROR(VLOOKUP(B135,'Spesifikasi Bahan'!$A$2:$E$10074,5,FALSE),"") -> 500 | F135: =IFERROR(VLOOKUP(B135,'Spesifikasi Bahan'!$A$2:$F$10074,6,FALSE),"") -> gram | G135: =IFERROR(VLOOKUP(B135,'Spesifikasi Bahan'!$A$2:$G$10074,7,FALSE),"") -> 100 | H135: =I135-J135 -> 366.7487 | I135: =SUMIF('Form Responses Incoming'!$C$2:$C$10131,B135,'Form Responses Incoming'!$D$2:D10257) -> 500 | J135: =SUMIF('Form Responses Usage'!$C$2:$C$11115,B135,'Form Responses Usage'!$D$2:$D$11115) -> 133.2513 | K135: =IF(H135<G135,"Limited Stock","OK") -> OK | L135: =IFERROR(VLOOKUP(B135,'Spesifikasi Bahan'!$A$2:$D$10074,4,FALSE),"") -> 03170 - LobaChemie | N135: #N/A
A136: 82 | B136: A88 | C136: =IFERROR(VLOOKUP(B136,'Spesifikasi Bahan'!$A$2:$B$10074,2,FALSE),"") -> L-Ascorbic Acid | D136: =IFERROR(VLOOKUP(B136,'Spesifikasi Bahan'!$A$2:$C$10074,3,FALSE),"") -> C6H8O6 | E136: =IFERROR(VLOOKUP(B136,'Spesifikasi Bahan'!$A$2:$E$10074,5,FALSE),"") -> 100 | F136: =IFERROR(VLOOKUP(B136,'Spesifikasi Bahan'!$A$2:$F$10074,6,FALSE),"") -> gram | G136: =IFERROR(VLOOKUP(B136,'Spesifikasi Bahan'!$A$2:$G$10074,7,FALSE),"") -> 10 | H136: =I136-J136 -> 68.0311 | I136: =SUMIF('Form Responses Incoming'!$C$2:$C$10131,B136,'Form Responses Incoming'!$D$2:D10258) -> 100 | J136: =SUMIF('Form Responses Usage'!$C$2:$C$11115,B136,'Form Responses Usage'!$D$2:$D$11115) -> 31.9689 | K136: =IF(H136<G136,"Limited Stock","OK") -> OK | L136: =IFERROR(VLOOKUP(B136,'Spesifikasi Bahan'!$A$2:$D$10074,4,FALSE),"") -> 01549 - LobaChemie | N136: #N/A
A137: 82 | B137: A89 | C137: =IFERROR(VLOOKUP(B137,'Spesifikasi Bahan'!$A$2:$B$10074,2,FALSE),"") -> Pottasium Permanganat | D137: =IFERROR(VLOOKUP(B137,'Spesifikasi Bahan'!$A$2:$C$10074,3,FALSE),"") -> KMnO₄ | E137: =IFERROR(VLOOKUP(B137,'Spesifikasi Bahan'!$A$2:$E$10074,5,FALSE),"") -> 250 | F137: =IFERROR(VLOOKUP(B137,'Spesifikasi Bahan'!$A$2:$F$10074,6,FALSE),"") -> gram | G137: =IFERROR(VLOOKUP(B137,'Spesifikasi Bahan'!$A$2:$G$10074,7,FALSE),"") -> 10 | H137: =I137-J137 -> 414.3878 | I137: =SUMIF('Form Responses Incoming'!$C$2:$C$10131,B137,'Form Responses Incoming'!$D$2:D10259) -> 750 | J137: =SUMIF('Form Responses Usage'!$C$2:$C$11115,B137,'Form Responses Usage'!$D$2:$D$11115) -> 335.6122 | K137: =IF(H137<G137,"Limited Stock","OK") -> OK | L137: =IFERROR(VLOOKUP(B137,'Spesifikasi Bahan'!$A$2:$D$10074,4,FALSE),"") -> 1.05082.0250 - Supelco A-2087 - Smartlab | N137: #N/A
A138: 82 | B138: A90 | C138: =IFERROR(VLOOKUP(B138,'Spesifikasi Bahan'!$A$2:$B$10074,2,FALSE),"") -> tri-Sodium Citrate | D138: =IFERROR(VLOOKUP(B138,'Spesifikasi Bahan'!$A$2:$C$10074,3,FALSE),"") -> C6H5Na3O7 | E138: =IFERROR(VLOOKUP(B138,'Spesifikasi Bahan'!$A$2:$E$10074,5,FALSE),"") -> 1000 | F138: =IFERROR(VLOOKUP(B138,'Spesifikasi Bahan'!$A$2:$F$10074,6,FALSE),"") -> gram | G138: =IFERROR(VLOOKUP(B138,'Spesifikasi Bahan'!$A$2:$G$10074,7,FALSE),"") -> 10 | H138: =I138-J138 -> 878.9 | I138: =SUMIF('Form Responses Incoming'!$C$2:$C$10131,B138,'Form Responses Incoming'!$D$2:D10260) -> 1000 | J138: =SUMIF('Form Responses Usage'!$C$2:$C$11115,B138,'Form Responses Usage'!$D$2:$D$11115) -> 121.1 | K138: =IF(H138<G138,"Limited Stock","OK") -> OK | L138: =IFERROR(VLOOKUP(B138,'Spesifikasi Bahan'!$A$2:$D$10074,4,FALSE),"") -> 1.11037.1000 - Merck | N138: #N/A
A139: 82 | B139: A91 | C139: =IFERROR(VLOOKUP(B139,'Spesifikasi Bahan'!$A$2:$B$10074,2,FALSE),"") -> Calcium Chloride | D139: =IFERROR(VLOOKUP(B139,'Spesifikasi Bahan'!$A$2:$C$10074,3,FALSE),"") -> CaCl2 | E139: =IFERROR(VLOOKUP(B139,'Spesifikasi Bahan'!$A$2:$E$10074,5,FALSE),"") -> 100 | F139: =IFERROR(VLOOKUP(B139,'Spesifikasi Bahan'!$A$2:$F$10074,6,FALSE),"") -> gram | G139: =IFERROR(VLOOKUP(B139,'Spesifikasi Bahan'!$A$2:$G$10074,7,FALSE),"") -> 10 | H139: =I139-J139 -> 100 | I139: =SUMIF('Form Responses Incoming'!$C$2:$C$10131,B139,'Form Responses Incoming'!$D$2:D10261) -> 100 | J139: =SUMIF('Form Responses Usage'!$C$2:$C$11115,B139,'Form Responses Usage'!$D$2:$D$11115) -> 0 | K139: =IF(H139<G139,"Limited Stock","OK") -> OK | L139: =IFERROR(VLOOKUP(B139,'Spesifikasi Bahan'!$A$2:$D$10074,4,FALSE),"") -> 1.00379.3004 - SigmaAldrich | N139: #N/A
A140: 82 | B140: A92 | C140: =IFERROR(VLOOKUP(B140,'Spesifikasi Bahan'!$A$2:$B$10074,2,FALSE),"") -> Barbituric Acid 99% | D140: =IFERROR(VLOOKUP(B140,'Spesifikasi Bahan'!$A$2:$C$10074,3,FALSE),"") -> C4H4N2O3 | E140: =IFERROR(VLOOKUP(B140,'Spesifikasi Bahan'!$A$2:$E$10074,5,FALSE),"") -> 100 | F140: =IFERROR(VLOOKUP(B140,'Spesifikasi Bahan'!$A$2:$F$10074,6,FALSE),"") -> gram | G140: =IFERROR(VLOOKUP(B140,'Spesifikasi Bahan'!$A$2:$G$10074,7,FALSE),"") -> 10 | H140: =I140-J140 -> 70 | I140: =SUMIF('Form Responses Incoming'!$C$2:$C$10131,B140,'Form Responses Incoming'!$D$2:D10262) -> 100 | J140: =SUMIF('Form Responses Usage'!$C$2:$C$11115,B140,'Form Responses Usage'!$D$2:$D$11115) -> 30 | K140: =IF(H140<G140,"Limited Stock","OK") -> OK | L140: =IFERROR(VLOOKUP(B140,'Spesifikasi Bahan'!$A$2:$D$10074,4,FALSE),"") -> 01640 - LobaChemie | N140: #N/A
A141: 82 | B141: A93 | C141: =IFERROR(VLOOKUP(B141,'Spesifikasi Bahan'!$A$2:$B$10074,2,FALSE),"") -> Iron (III) Chloride Hexahydrate | D141: =IFERROR(VLOOKUP(B141,'Spesifikasi Bahan'!$A$2:$C$10074,3,FALSE),"") -> FeCl3. 6H2O | E141: =IFERROR(VLOOKUP(B141,'Spesifikasi Bahan'!$A$2:$E$10074,5,FALSE),"") -> 250 | F141: =IFERROR(VLOOKUP(B141,'Spesifikasi Bahan'!$A$2:$F$10074,6,FALSE),"") -> gram | G141: =IFERROR(VLOOKUP(B141,'Spesifikasi Bahan'!$A$2:$G$10074,7,FALSE),"") -> 10 | H141: =I141-J141 -> 99.9 | I141: =SUMIF('Form Responses Incoming'!$C$2:$C$10131,B141,'Form Responses Incoming'!$D$2:D10263) -> 250 | J141: =SUMIF('Form Responses Usage'!$C$2:$C$11115,B141,'Form Responses Usage'!$D$2:$D$11115) -> 150.1 | K141: =IF(H141<G141,"Limited Stock","OK") -> OK | L141: =IFERROR(VLOOKUP(B141,'Spesifikasi Bahan'!$A$2:$D$10074,4,FALSE),"") -> A-2714 - Smart Lab | N141: #N/A
A142: 82 | B142: A94 | C142: =IFERROR(VLOOKUP(B142,'Spesifikasi Bahan'!$A$2:$B$10074,2,FALSE),"") -> Hexadecane | D142: =IFERROR(VLOOKUP(B142,'Spesifikasi Bahan'!$A$2:$C$10074,3,FALSE),"") -> - | E142: =IFERROR(VLOOKUP(B142,'Spesifikasi Bahan'!$A$2:$E$10074,5,FALSE),"") -> 0.1 | F142: =IFERROR(VLOOKUP(B142,'Spesifikasi Bahan'!$A$2:$F$10074,6,FALSE),"") -> gram | G142: =IFERROR(VLOOKUP(B142,'Spesifikasi Bahan'!$A$2:$G$10074,7,FALSE),"") -> 0.01 | H142: =I142-J142 -> 0.1 | I142: =SUMIF('Form Responses Incoming'!$C$2:$C$10131,B142,'Form Responses Incoming'!$D$2:D10264) -> 0.1 | J142: =SUMIF('Form Responses Usage'!$C$2:$C$11115,B142,'Form Responses Usage'!$D$2:$D$11115) -> 0 | K142: =IF(H142<G142,"Limited Stock","OK") -> OK | L142: =IFERROR(VLOOKUP(B142,'Spesifikasi Bahan'!$A$2:$D$10074,4,FALSE),"") -> CRM78293 - SigmaAldrich | N142: #N/A
A143: 82 | B143: A95 | C143: =IFERROR(VLOOKUP(B143,'Spesifikasi Bahan'!$A$2:$B$10074,2,FALSE),"") -> Chromotropic Acid Disodium Salt Dihydrate | D143: =IFERROR(VLOOKUP(B143,'Spesifikasi Bahan'!$A$2:$C$10074,3,FALSE),"") -> C10H6Na2O8S2.2H2O | E143: =IFERROR(VLOOKUP(B143,'Spesifikasi Bahan'!$A$2:$E$10074,5,FALSE),"") -> 10 | F143: =IFERROR(VLOOKUP(B143,'Spesifikasi Bahan'!$A$2:$F$10074,6,FALSE),"") -> gram | G143: =IFERROR(VLOOKUP(B143,'Spesifikasi Bahan'!$A$2:$G$10074,7,FALSE),"") -> 1 | H143: =I143-J143 -> 9.5497 | I143: =SUMIF('Form Responses Incoming'!$C$2:$C$10131,B143,'Form Responses Incoming'!$D$2:D10265) -> 10 | J143: =SUMIF('Form Responses Usage'!$C$2:$C$11115,B143,'Form Responses Usage'!$D$2:$D$11115) -> 0.4503 | K143: =IF(H143<G143,"Limited Stock","OK") -> OK | L143: =IFERROR(VLOOKUP(B143,'Spesifikasi Bahan'!$A$2:$D$10074,4,FALSE),"") -> 02835 - LobaChemie | N143: #N/A
A144: 82 | B144: A96 | C144: =IFERROR(VLOOKUP(B144,'Spesifikasi Bahan'!$A$2:$B$10074,2,FALSE),"") -> Zinc Sulfate Heptahydrate | D144: =IFERROR(VLOOKUP(B144,'Spesifikasi Bahan'!$A$2:$C$10074,3,FALSE),"") -> ZnSO4.7H2O | E144: =IFERROR(VLOOKUP(B144,'Spesifikasi Bahan'!$A$2:$E$10074,5,FALSE),"") -> 500 | F144: =IFERROR(VLOOKUP(B144,'Spesifikasi Bahan'!$A$2:$F$10074,6,FALSE),"") -> gram | G144: =IFERROR(VLOOKUP(B144,'Spesifikasi Bahan'!$A$2:$G$10074,7,FALSE),"") -> 10 | H144: =I144-J144 -> 491.16 | I144: =SUMIF('Form Responses Incoming'!$C$2:$C$10131,B144,'Form Responses Incoming'!$D$2:D10266) -> 500 | J144: =SUMIF('Form Responses Usage'!$C$2:$C$11115,B144,'Form Responses Usage'!$D$2:$D$11115) -> 8.84 | K144: =IF(H144<G144,"Limited Stock","OK") -> OK | L144: =IFERROR(VLOOKUP(B144,'Spesifikasi Bahan'!$A$2:$D$10074,4,FALSE),"") -> 1.08883.0500 - Supelco | N144: #N/A
A145: 82 | B145: B47 | C145: =IFERROR(VLOOKUP(B145,'Spesifikasi Bahan'!$A$2:$B$10074,2,FALSE),"") -> Sulfide Standard Solution | D145: =IFERROR(VLOOKUP(B145,'Spesifikasi Bahan'!$A$2:$C$10074,3,FALSE),"") -> - | E145: =IFERROR(VLOOKUP(B145,'Spesifikasi Bahan'!$A$2:$E$10074,5,FALSE),"") -> 100 | F145: =IFERROR(VLOOKUP(B145,'Spesifikasi Bahan'!$A$2:$F$10074,6,FALSE),"") -> mL | G145: =IFERROR(VLOOKUP(B145,'Spesifikasi Bahan'!$A$2:$G$10074,7,FALSE),"") -> 10 | H145: =I145-J145 -> 84 | I145: =SUMIF('Form Responses Incoming'!$C$2:$C$10131,B145,'Form Responses Incoming'!$D$2:D10264) -> 100 | J145: =SUMIF('Form Responses Usage'!$C$2:$C$11115,B145,'Form Responses Usage'!$D$2:$D$11115) -> 16 | K145: =IF(H145<G145,"Limited Stock","OK") -> OK | L145: =IFERROR(VLOOKUP(B145,'Spesifikasi Bahan'!$A$2:$D$10074,4,FALSE),"") -> ICS023 - Sigmaladrich | N145: #N/A
A146: 82 | B146: B48 | C146: =IFERROR(VLOOKUP(B146,'Spesifikasi Bahan'!$A$2:$B$10074,2,FALSE),"") -> Arsenic Standard Solution | D146: =IFERROR(VLOOKUP(B146,'Spesifikasi Bahan'!$A$2:$C$10074,3,FALSE),"") -> As | E146: =IFERROR(VLOOKUP(B146,'Spesifikasi Bahan'!$A$2:$E$10074,5,FALSE),"") -> 500 | F146: =IFERROR(VLOOKUP(B146,'Spesifikasi Bahan'!$A$2:$F$10074,6,FALSE),"") -> mL | G146: =IFERROR(VLOOKUP(B146,'Spesifikasi Bahan'!$A$2:$G$10074,7,FALSE),"") -> 100 | H146: =I146-J146 -> 497 | I146: =SUMIF('Form Responses Incoming'!$C$2:$C$10131,B146,'Form Responses Incoming'!$D$2:D10262) -> 500 | J146: =SUMIF('Form Responses Usage'!$C$2:$C$11115,B146,'Form Responses Usage'!$D$2:$D$11115) -> 3 | K146: =IF(H146<G146,"Limited Stock","OK") -> OK | L146: =IFERROR(VLOOKUP(B146,'Spesifikasi Bahan'!$A$2:$D$10074,4,FALSE),"") -> 1.19773.0500 - SigmaAldrich | N146: #N/A
A147: 82 | B147: B49 | C147: =IFERROR(VLOOKUP(B147,'Spesifikasi Bahan'!$A$2:$B$10074,2,FALSE),"") -> Boron Standard Solution | D147: =IFERROR(VLOOKUP(B147,'Spesifikasi Bahan'!$A$2:$C$10074,3,FALSE),"") -> B | E147: =IFERROR(VLOOKUP(B147,'Spesifikasi Bahan'!$A$2:$E$10074,5,FALSE),"") -> 500 | F147: =IFERROR(VLOOKUP(B147,'Spesifikasi Bahan'!$A$2:$F$10074,6,FALSE),"") -> mL | G147: =IFERROR(VLOOKUP(B147,'Spesifikasi Bahan'!$A$2:$G$10074,7,FALSE),"") -> 100 | H147: =I147-J147 -> 496 | I147: =SUMIF('Form Responses Incoming'!$C$2:$C$10131,B147,'Form Responses Incoming'!$D$2:D10263) -> 500 | J147: =SUMIF('Form Responses Usage'!$C$2:$C$11115,B147,'Form Responses Usage'!$D$2:$D$11115) -> 4 | K147: =IF(H147<G147,"Limited Stock","OK") -> OK | L147: =IFERROR(VLOOKUP(B147,'Spesifikasi Bahan'!$A$2:$D$10074,4,FALSE),"") -> A400W - LobaChemie | N147: #N/A
A148: 82 | B148: B50 | C148: =IFERROR(VLOOKUP(B148,'Spesifikasi Bahan'!$A$2:$B$10074,2,FALSE),"") -> Aromatic Standard | D148: =IFERROR(VLOOKUP(B148,'Spesifikasi Bahan'!$A$2:$C$10074,3,FALSE),"") -> - | E148: =IFERROR(VLOOKUP(B148,'Spesifikasi Bahan'!$A$2:$E$10074,5,FALSE),"") -> 1 | F148: =IFERROR(VLOOKUP(B148,'Spesifikasi Bahan'!$A$2:$F$10074,6,FALSE),"") -> mL | G148: =IFERROR(VLOOKUP(B148,'Spesifikasi Bahan'!$A$2:$G$10074,7,FALSE),"") -> 1 | H148: =I148-J148 -> 1 | I148: =SUMIF('Form Responses Incoming'!$C$2:$C$10131,B148,'Form Responses Incoming'!$D$2:D10264) -> 1 | J148: =SUMIF('Form Responses Usage'!$C$2:$C$11115,B148,'Form Responses Usage'!$D$2:$D$11115) -> 0 | K148: =IF(H148<G148,"Limited Stock","OK") -> OK | L148: =IFERROR(VLOOKUP(B148,'Spesifikasi Bahan'!$A$2:$D$10074,4,FALSE),"") -> ASM-092-04 - AccuStandard | N148: #N/A
A149: 82 | B149: B51 | C149: =IFERROR(VLOOKUP(B149,'Spesifikasi Bahan'!$A$2:$B$10074,2,FALSE),"") -> Turbidity 4000 NTU | D149: =IFERROR(VLOOKUP(B149,'Spesifikasi Bahan'!$A$2:$C$10074,3,FALSE),"") -> - | E149: =IFERROR(VLOOKUP(B149,'Spesifikasi Bahan'!$A$2:$E$10074,5,FALSE),"") -> 100 | F149: =IFERROR(VLOOKUP(B149,'Spesifikasi Bahan'!$A$2:$F$10074,6,FALSE),"") -> mL | G149: =IFERROR(VLOOKUP(B149,'Spesifikasi Bahan'!$A$2:$G$10074,7,FALSE),"") -> 10 | H149: =I149-J149 -> 100 | I149: =SUMIF('Form Responses Incoming'!$C$2:$C$10131,B149,'Form Responses Incoming'!$D$2:D10265) -> 100 | J149: =SUMIF('Form Responses Usage'!$C$2:$C$11115,B149,'Form Responses Usage'!$D$2:$D$11115) -> 0 | K149: =IF(H149<G149,"Limited Stock","OK") -> OK | L149: =IFERROR(VLOOKUP(B149,'Spesifikasi Bahan'!$A$2:$D$10074,4,FALSE),"") -> LRAD9262 - Supelco | N149: #N/A
A150: 82 | B150: B52 | C150: =IFERROR(VLOOKUP(B150,'Spesifikasi Bahan'!$A$2:$B$10074,2,FALSE),"") -> Nitrate Standard Solution | D150: =IFERROR(VLOOKUP(B150,'Spesifikasi Bahan'!$A$2:$C$10074,3,FALSE),"") -> NO3-N | E150: =IFERROR(VLOOKUP(B150,'Spesifikasi Bahan'!$A$2:$E$10074,5,FALSE),"") -> 100 | F150: =IFERROR(VLOOKUP(B150,'Spesifikasi Bahan'!$A$2:$F$10074,6,FALSE),"") -> mL | G150: =IFERROR(VLOOKUP(B150,'Spesifikasi Bahan'!$A$2:$G$10074,7,FALSE),"") -> 10 | H150: =I150-J150 -> 78 | I150: =SUMIF('Form Responses Incoming'!$C$2:$C$10131,B150,'Form Responses Incoming'!$D$2:D10266) -> 100 | J150: =SUMIF('Form Responses Usage'!$C$2:$C$11115,B150,'Form Responses Usage'!$D$2:$D$11115) -> 22 | K150: =IF(H150<G150,"Limited Stock","OK") -> OK | L150: =IFERROR(VLOOKUP(B150,'Spesifikasi Bahan'!$A$2:$D$10074,4,FALSE),"") -> 1.25040.0100 - Supelco | N150: #N/A
A151: 82 | B151: B53 | C151: =IFERROR(VLOOKUP(B151,'Spesifikasi Bahan'!$A$2:$B$10074,2,FALSE),"") -> Total Dissolved Solids calibration standard | D151: =IFERROR(VLOOKUP(B151,'Spesifikasi Bahan'!$A$2:$C$10074,3,FALSE),"") -> TDS | E151: =IFERROR(VLOOKUP(B151,'Spesifikasi Bahan'!$A$2:$E$10074,5,FALSE),"") -> 100 | F151: =IFERROR(VLOOKUP(B151,'Spesifikasi Bahan'!$A$2:$F$10074,6,FALSE),"") -> mL | G151: =IFERROR(VLOOKUP(B151,'Spesifikasi Bahan'!$A$2:$G$10074,7,FALSE),"") -> 10 | H151: =I151-J151 -> 200 | I151: =SUMIF('Form Responses Incoming'!$C$2:$C$10131,B151,'Form Responses Incoming'!$D$2:D10267) -> 200 | J151: =SUMIF('Form Responses Usage'!$C$2:$C$11115,B151,'Form Responses Usage'!$D$2:$D$11115) -> 0 | K151: =IF(H151<G151,"Limited Stock","OK") -> OK | L151: =IFERROR(VLOOKUP(B151,'Spesifikasi Bahan'!$A$2:$D$10074,4,FALSE),"") -> TDS1000 - Sigmaaldrich | N151: #N/A
A152: 82 | B152: B54 | C152: =IFERROR(VLOOKUP(B152,'Spesifikasi Bahan'!$A$2:$B$10074,2,FALSE),"") -> Pyridine 99.5% | D152: =IFERROR(VLOOKUP(B152,'Spesifikasi Bahan'!$A$2:$C$10074,3,FALSE),"") -> C5H5N | E152: =IFERROR(VLOOKUP(B152,'Spesifikasi Bahan'!$A$2:$E$10074,5,FALSE),"") -> 500 | F152: =IFERROR(VLOOKUP(B152,'Spesifikasi Bahan'!$A$2:$F$10074,6,FALSE),"") -> mL | G152: =IFERROR(VLOOKUP(B152,'Spesifikasi Bahan'!$A$2:$G$10074,7,FALSE),"") -> 100 | H152: =I152-J152 -> 350 | I152: =SUMIF('Form Responses Incoming'!$C$2:$C$10131,B152,'Form Responses Incoming'!$D$2:D10268) -> 500 | J152: =SUMIF('Form Responses Usage'!$C$2:$C$11115,B152,'Form Responses Usage'!$D$2:$D$11115) -> 150 | K152: =IF(H152<G152,"Limited Stock","OK") -> OK | L152: =IFERROR(VLOOKUP(B152,'Spesifikasi Bahan'!$A$2:$D$10074,4,FALSE),"") -> 00281 - LobaChemie | N152: #N/A
A153: 82 | B153: B55 | C153: =IFERROR(VLOOKUP(B153,'Spesifikasi Bahan'!$A$2:$B$10074,2,FALSE),"") -> Total Phenolics 1000 mg/L | D153: =IFERROR(VLOOKUP(B153,'Spesifikasi Bahan'!$A$2:$C$10074,3,FALSE),"") -> - | E153: =IFERROR(VLOOKUP(B153,'Spesifikasi Bahan'!$A$2:$E$10074,5,FALSE),"") -> 100 | F153: =IFERROR(VLOOKUP(B153,'Spesifikasi Bahan'!$A$2:$F$10074,6,FALSE),"") -> mL | G153: =IFERROR(VLOOKUP(B153,'Spesifikasi Bahan'!$A$2:$G$10074,7,FALSE),"") -> 10 | H153: =I153-J153 -> 100 | I153: =SUMIF('Form Responses Incoming'!$C$2:$C$10131,B153,'Form Responses Incoming'!$D$2:D10269) -> 100 | J153: =SUMIF('Form Responses Usage'!$C$2:$C$11115,B153,'Form Responses Usage'!$D$2:$D$11115) -> 0 | K153: =IF(H153<G153,"Limited Stock","OK") -> OK | L153: =IFERROR(VLOOKUP(B153,'Spesifikasi Bahan'!$A$2:$D$10074,4,FALSE),"") -> TPC1000 - SigmaAldrich | N153: #N/A
A154: 82 | B154: B56 | C154: =IFERROR(VLOOKUP(B154,'Spesifikasi Bahan'!$A$2:$B$10074,2,FALSE),"") -> Toluene 99.5% | D154: =IFERROR(VLOOKUP(B154,'Spesifikasi Bahan'!$A$2:$C$10074,3,FALSE),"") -> C7H8 | E154: =IFERROR(VLOOKUP(B154,'Spesifikasi Bahan'!$A$2:$E$10074,5,FALSE),"") -> 2500 | F154: =IFERROR(VLOOKUP(B154,'Spesifikasi Bahan'!$A$2:$F$10074,6,FALSE),"") -> mL | G154: =IFERROR(VLOOKUP(B154,'Spesifikasi Bahan'!$A$2:$G$10074,7,FALSE),"") -> 100 | H154: =I154-J154 -> 2498.5 | I154: =SUMIF('Form Responses Incoming'!$C$2:$C$10131,B154,'Form Responses Incoming'!$D$2:D10270) -> 2500 | J154: =SUMIF('Form Responses Usage'!$C$2:$C$11115,B154,'Form Responses Usage'!$D$2:$D$11115) -> 1.5 | K154: =IF(H154<G154,"Limited Stock","OK") -> OK | L154: =IFERROR(VLOOKUP(B154,'Spesifikasi Bahan'!$A$2:$D$10074,4,FALSE),"") -> 00326 - LobaChemie | N154: #N/A
A155: 82 | B155: B57 | C155: =IFERROR(VLOOKUP(B155,'Spesifikasi Bahan'!$A$2:$B$10074,2,FALSE),"") -> Benzene 99.9% | D155: =IFERROR(VLOOKUP(B155,'Spesifikasi Bahan'!$A$2:$C$10074,3,FALSE),"") -> C6H6 | E155: =IFERROR(VLOOKUP(B155,'Spesifikasi Bahan'!$A$2:$E$10074,5,FALSE),"") -> 1000 | F155: =IFERROR(VLOOKUP(B155,'Spesifikasi Bahan'!$A$2:$F$10074,6,FALSE),"") -> mL | G155: =IFERROR(VLOOKUP(B155,'Spesifikasi Bahan'!$A$2:$G$10074,7,FALSE),"") -> 100 | H155: =I155-J155 -> 999 | I155: =SUMIF('Form Responses Incoming'!$C$2:$C$10131,B155,'Form Responses Incoming'!$D$2:D10271) -> 1000 | J155: =SUMIF('Form Responses Usage'!$C$2:$C$11115,B155,'Form Responses Usage'!$D$2:$D$11115) -> 1 | K155: =IF(H155<G155,"Limited Stock","OK") -> OK | L155: =IFERROR(VLOOKUP(B155,'Spesifikasi Bahan'!$A$2:$D$10074,4,FALSE),"") -> 0040A - LobaChemie | N155: #N/A
A156: 82 | B156: B58 | C156: =IFERROR(VLOOKUP(B156,'Spesifikasi Bahan'!$A$2:$B$10074,2,FALSE),"") -> Perchloric Acid 70% | D156: =IFERROR(VLOOKUP(B156,'Spesifikasi Bahan'!$A$2:$C$10074,3,FALSE),"") -> HClO4 | E156: =IFERROR(VLOOKUP(B156,'Spesifikasi Bahan'!$A$2:$E$10074,5,FALSE),"") -> 2500 | F156: =IFERROR(VLOOKUP(B156,'Spesifikasi Bahan'!$A$2:$F$10074,6,FALSE),"") -> mL | G156: =IFERROR(VLOOKUP(B156,'Spesifikasi Bahan'!$A$2:$G$10074,7,FALSE),"") -> 100 | H156: =I156-J156 -> 2175 | I156: =SUMIF('Form Responses Incoming'!$C$2:$C$10131,B156,'Form Responses Incoming'!$D$2:D10272) -> 2500 | J156: =SUMIF('Form Responses Usage'!$C$2:$C$11115,B156,'Form Responses Usage'!$D$2:$D$11115) -> 325 | K156: =IF(H156<G156,"Limited Stock","OK") -> OK | L156: =IFERROR(VLOOKUP(B156,'Spesifikasi Bahan'!$A$2:$D$10074,4,FALSE),"") -> 0241F - LobaChemie | N156: #N/A
A157: 82 | B157: B60 | C157: =IFERROR(VLOOKUP(B157,'Spesifikasi Bahan'!$A$2:$B$10074,2,FALSE),"") -> Xylenes 98.5% | D157: =IFERROR(VLOOKUP(B157,'Spesifikasi Bahan'!$A$2:$C$10074,3,FALSE),"") -> C6H4(CH3)2 | E157: =IFERROR(VLOOKUP(B157,'Spesifikasi Bahan'!$A$2:$E$10074,5,FALSE),"") -> 4000 | F157: =IFERROR(VLOOKUP(B157,'Spesifikasi Bahan'!$A$2:$F$10074,6,FALSE),"") -> mL | G157: =IFERROR(VLOOKUP(B157,'Spesifikasi Bahan'!$A$2:$G$10074,7,FALSE),"") -> 100 | H157: =I157-J157 -> 3999.5 | I157: =SUMIF('Form Responses Incoming'!$C$2:$C$10131,B157,'Form Responses Incoming'!$D$2:D10274) -> 4000 | J157: =SUMIF('Form Responses Usage'!$C$2:$C$11115,B157,'Form Responses Usage'!$D$2:$D$11115) -> 0.5 | K157: =IF(H157<G157,"Limited Stock","OK") -> OK | L157: =IFERROR(VLOOKUP(B157,'Spesifikasi Bahan'!$A$2:$D$10074,4,FALSE),"") -> 1330207 - MTEDIA | N157: #N/A
A158: 82 | B158: B61 | C158: =IFERROR(VLOOKUP(B158,'Spesifikasi Bahan'!$A$2:$B$10074,2,FALSE),"") -> Styrene | D158: =IFERROR(VLOOKUP(B158,'Spesifikasi Bahan'!$A$2:$C$10074,3,FALSE),"") -> - | E158: =IFERROR(VLOOKUP(B158,'Spesifikasi Bahan'!$A$2:$E$10074,5,FALSE),"") -> 100 | F158: =IFERROR(VLOOKUP(B158,'Spesifikasi Bahan'!$A$2:$F$10074,6,FALSE),"") -> mL | G158: =IFERROR(VLOOKUP(B158,'Spesifikasi Bahan'!$A$2:$G$10074,7,FALSE),"") -> 10 | H158: =I158-J158 -> 100 | I158: =SUMIF('Form Responses Incoming'!$C$2:$C$10131,B158,'Form Responses Incoming'!$D$2:D10275) -> 100 | J158: =SUMIF('Form Responses Usage'!$C$2:$C$11115,B158,'Form Responses Usage'!$D$2:$D$11115) -> 0 | K158: =IF(H158<G158,"Limited Stock","OK") -> OK | L158: =IFERROR(VLOOKUP(B158,'Spesifikasi Bahan'!$A$2:$D$10074,4,FALSE),"") -> 8076790100 - SigmaAldrich | N158: #N/A
A159: 82 | B159: A97 | C159: =IFERROR(VLOOKUP(B159,'Spesifikasi Bahan'!$A$2:$B$10074,2,FALSE),"") -> Escherichia Coli WDCM 000136 Vitroids | D159: =IFERROR(VLOOKUP(B159,'Spesifikasi Bahan'!$A$2:$C$10074,3,FALSE),"") -> - | E159: =IFERROR(VLOOKUP(B159,'Spesifikasi Bahan'!$A$2:$E$10074,5,FALSE),"") -> 10 | F159: =IFERROR(VLOOKUP(B159,'Spesifikasi Bahan'!$A$2:$F$10074,6,FALSE),"") -> Pcs | G159: =IFERROR(VLOOKUP(B159,'Spesifikasi Bahan'!$A$2:$G$10074,7,FALSE),"") -> 1 | H159: =I159-J159 -> 8 | I159: =SUMIF('Form Responses Incoming'!$C$2:$C$10131,B159,'Form Responses Incoming'!$D$2:D10273) -> 10 | J159: =SUMIF('Form Responses Usage'!$C$2:$C$11115,B159,'Form Responses Usage'!$D$2:$D$11115) -> 2 | K159: =IF(H159<G159,"Limited Stock","OK") -> OK | L159: =IFERROR(VLOOKUP(B159,'Spesifikasi Bahan'!$A$2:$D$10074,4,FALSE),"") -> VT000136-10EA - SigmaAldrich | N159: #N/A
A160: 82 | B160: A98 | C160: =IFERROR(VLOOKUP(B160,'Spesifikasi Bahan'!$A$2:$B$10074,2,FALSE),"") -> Lead (II) Carbonate | D160: =IFERROR(VLOOKUP(B160,'Spesifikasi Bahan'!$A$2:$C$10074,3,FALSE),"") -> PbCO3 | E160: =IFERROR(VLOOKUP(B160,'Spesifikasi Bahan'!$A$2:$E$10074,5,FALSE),"") -> 250 | F160: =IFERROR(VLOOKUP(B160,'Spesifikasi Bahan'!$A$2:$F$10074,6,FALSE),"") -> gram | G160: =IFERROR(VLOOKUP(B160,'Spesifikasi Bahan'!$A$2:$G$10074,7,FALSE),"") -> 10 | H160: =I160-J160 -> 250 | I160: =SUMIF('Form Responses Incoming'!$C$2:$C$10131,B160,'Form Responses Incoming'!$D$2:D10274) -> 250 | J160: =SUMIF('Form Responses Usage'!$C$2:$C$11115,B160,'Form Responses Usage'!$D$2:$D$11115) -> 0 | K160: =IF(H160<G160,"Limited Stock","OK") -> OK | L160: =IFERROR(VLOOKUP(B160,'Spesifikasi Bahan'!$A$2:$D$10074,4,FALSE),"") -> 1073810250 - SigmaAldrich | N160: #N/A
A161: 82 | B161: A99 | C161: =IFERROR(VLOOKUP(B161,'Spesifikasi Bahan'!$A$2:$B$10074,2,FALSE),"") -> Polyseed | D161: =IFERROR(VLOOKUP(B161,'Spesifikasi Bahan'!$A$2:$C$10074,3,FALSE),"") -> - | E161: =IFERROR(VLOOKUP(B161,'Spesifikasi Bahan'!$A$2:$E$10074,5,FALSE),"") -> 50 | F161: =IFERROR(VLOOKUP(B161,'Spesifikasi Bahan'!$A$2:$F$10074,6,FALSE),"") -> Capsules | G161: =IFERROR(VLOOKUP(B161,'Spesifikasi Bahan'!$A$2:$G$10074,7,FALSE),"") -> 10 | H161: =I161-J161 -> 49 | I161: =SUMIF('Form Responses Incoming'!$C$2:$C$10131,B161,'Form Responses Incoming'!$D$2:D10275) -> 50 | J161: =SUMIF('Form Responses Usage'!$C$2:$C$11115,B161,'Form Responses Usage'!$D$2:$D$11115) -> 1 | K161: =IF(H161<G161,"Limited Stock","OK") -> OK | L161: =IFERROR(VLOOKUP(B161,'Spesifikasi Bahan'!$A$2:$D$10074,4,FALSE),"") | N161: #N/A
A162: 82 | B162: A100 | C162: =IFERROR(VLOOKUP(B162,'Spesifikasi Bahan'!$A$2:$B$10074,2,FALSE),"") -> Methyl Orange Indicator ACS | D162: =IFERROR(VLOOKUP(B162,'Spesifikasi Bahan'!$A$2:$C$10074,3,FALSE),"") -> C14H14N3NaO3S | E162: =IFERROR(VLOOKUP(B162,'Spesifikasi Bahan'!$A$2:$E$10074,5,FALSE),"") -> 25 | F162: =IFERROR(VLOOKUP(B162,'Spesifikasi Bahan'!$A$2:$F$10074,6,FALSE),"") -> gram | G162: =IFERROR(VLOOKUP(B162,'Spesifikasi Bahan'!$A$2:$G$10074,7,FALSE),"") -> 10 | H162: =I162-J162 -> 25 | I162: =SUMIF('Form Responses Incoming'!$C$2:$C$10131,B162,'Form Responses Incoming'!$D$2:D10276) -> 25 | J162: =SUMIF('Form Responses Usage'!$C$2:$C$11115,B162,'Form Responses Usage'!$D$2:$D$11115) -> 0 | K162: =IF(H162<G162,"Limited Stock","OK") -> OK | L162: =IFERROR(VLOOKUP(B162,'Spesifikasi Bahan'!$A$2:$D$10074,4,FALSE),"") -> 04670 - LobaChemie | N162: #N/A
A163: 82 | B163: A102 | C163: =IFERROR(VLOOKUP(B163,'Spesifikasi Bahan'!$A$2:$B$10074,2,FALSE),"") -> Pseudomonas paraeruginosa WDCM 00026 Vitroids | D163: =IFERROR(VLOOKUP(B163,'Spesifikasi Bahan'!$A$2:$C$10074,3,FALSE),"") -> - | E163: =IFERROR(VLOOKUP(B163,'Spesifikasi Bahan'!$A$2:$E$10074,5,FALSE),"") -> 10 | F163: =IFERROR(VLOOKUP(B163,'Spesifikasi Bahan'!$A$2:$F$10074,6,FALSE),"") -> Pcs | G163: =IFERROR(VLOOKUP(B163,'Spesifikasi Bahan'!$A$2:$G$10074,7,FALSE),"") -> 1 | H163: =I163-J163 -> 10 | I163: =SUMIF('Form Responses Incoming'!$C$2:$C$10131,B163,'Form Responses Incoming'!$D$2:D10277) -> 10 | J163: =SUMIF('Form Responses Usage'!$C$2:$C$11115,B163,'Form Responses Usage'!$D$2:$D$11115) -> 0 | K163: =IF(H163<G163,"Limited Stock","OK") -> OK | L163: =IFERROR(VLOOKUP(B163,'Spesifikasi Bahan'!$A$2:$D$10074,4,FALSE),"") -> VT000266-10EA - SigmaAldrich | N163: #N/A
A164: 82 | B164: A103 | C164: =IFERROR(VLOOKUP(B164,'Spesifikasi Bahan'!$A$2:$B$10074,2,FALSE),"") -> Sodium sulfide nonahydrate | D164: =IFERROR(VLOOKUP(B164,'Spesifikasi Bahan'!$A$2:$C$10074,3,FALSE),"") -> Na2S.9H2O | E164: =IFERROR(VLOOKUP(B164,'Spesifikasi Bahan'!$A$2:$E$10074,5,FALSE),"") -> 500 | F164: =IFERROR(VLOOKUP(B164,'Spesifikasi Bahan'!$A$2:$F$10074,6,FALSE),"") -> gram | G164: =IFERROR(VLOOKUP(B164,'Spesifikasi Bahan'!$A$2:$G$10074,7,FALSE),"") -> 25 | H164: =I164-J164 -> 499.4366 | I164: =SUMIF('Form Responses Incoming'!$C$2:$C$10131,B164,'Form Responses Incoming'!$D$2:D10278) -> 500 | J164: =SUMIF('Form Responses Usage'!$C$2:$C$11115,B164,'Form Responses Usage'!$D$2:$D$11115) -> 0.5634 | K164: =IF(H164<G164,"Limited Stock","OK") -> OK | L164: =IFERROR(VLOOKUP(B164,'Spesifikasi Bahan'!$A$2:$D$10074,4,FALSE),"") -> 240605A7 - Xihua | N164: #N/A
A165: 82 | B165: A104 | C165: =IFERROR(VLOOKUP(B165,'Spesifikasi Bahan'!$A$2:$B$10074,2,FALSE),"") -> N,N-Dimethyl p-Phenylediamine Dihydrochloride 99.5% | D165: =IFERROR(VLOOKUP(B165,'Spesifikasi Bahan'!$A$2:$C$10074,3,FALSE),"") -> C8H14Cl2N2 | E165: =IFERROR(VLOOKUP(B165,'Spesifikasi Bahan'!$A$2:$E$10074,5,FALSE),"") -> 25 | F165: =IFERROR(VLOOKUP(B165,'Spesifikasi Bahan'!$A$2:$F$10074,6,FALSE),"") -> gram | G165: =IFERROR(VLOOKUP(B165,'Spesifikasi Bahan'!$A$2:$G$10074,7,FALSE),"") -> 10 | H165: =I165-J165 -> 25 | I165: =SUMIF('Form Responses Incoming'!$C$2:$C$10131,B165,'Form Responses Incoming'!$D$2:D10279) -> 25 | J165: =SUMIF('Form Responses Usage'!$C$2:$C$11115,B165,'Form Responses Usage'!$D$2:$D$11115) -> 0 | K165: =IF(H165<G165,"Limited Stock","OK") -> OK | L165: =IFERROR(VLOOKUP(B165,'Spesifikasi Bahan'!$A$2:$D$10074,4,FALSE),"") -> 03410 - LobaChemie | N165: #N/A
A166: 82 | C166: =IFERROR(VLOOKUP(B166,'Spesifikasi Bahan'!$A$2:$B$10074,2,FALSE),"") | D166: =IFERROR(VLOOKUP(B166,'Spesifikasi Bahan'!$A$2:$C$10074,3,FALSE),"") | E166: =IFERROR(VLOOKUP(B166,'Spesifikasi Bahan'!$A$2:$E$10074,5,FALSE),"") | F166: =IFERROR(VLOOKUP(B166,'Spesifikasi Bahan'!$A$2:$F$10074,6,FALSE),"") | G166: =IFERROR(VLOOKUP(B166,'Spesifikasi Bahan'!$A$2:$G$10074,7,FALSE),"") | H166: =I166-J166 -> 0 | I166: =SUMIF('Form Responses Incoming'!$C$2:$C$10131,B166,'Form Responses Incoming'!$D$2:D10280) -> 0 | J166: =SUMIF('Form Responses Usage'!$C$2:$C$11115,B166,'Form Responses Usage'!$D$2:$D$11115) -> 0 | K166: =IF(H166<G166,"Limited Stock","OK") -> Limited Stock | L166: =IFERROR(VLOOKUP(B166,'Spesifikasi Bahan'!$A$2:$D$10074,4,FALSE),"") | N166: #N/A
A167: 82 | C167: =IFERROR(VLOOKUP(B167,'Spesifikasi Bahan'!$A$2:$B$10074,2,FALSE),"") | D167: =IFERROR(VLOOKUP(B167,'Spesifikasi Bahan'!$A$2:$C$10074,3,FALSE),"") | E167: =IFERROR(VLOOKUP(B167,'Spesifikasi Bahan'!$A$2:$E$10074,5,FALSE),"") | F167: =IFERROR(VLOOKUP(B167,'Spesifikasi Bahan'!$A$2:$F$10074,6,FALSE),"") | G167: =IFERROR(VLOOKUP(B167,'Spesifikasi Bahan'!$A$2:$G$10074,7,FALSE),"") | H167: =I167-J167 -> 0 | I167: =SUMIF('Form Responses Incoming'!$C$2:$C$10131,B167,'Form Responses Incoming'!$D$2:D10281) -> 0 | J167: =SUMIF('Form Responses Usage'!$C$2:$C$11115,B167,'Form Responses Usage'!$D$2:$D$11115) -> 0 | K167: =IF(H167<G167,"Limited Stock","OK") -> Limited Stock | L167: =IFERROR(VLOOKUP(B167,'Spesifikasi Bahan'!$A$2:$D$10074,4,FALSE),"") | N167: #N/A
A168: 82 | C168: =IFERROR(VLOOKUP(B168,'Spesifikasi Bahan'!$A$2:$B$10074,2,FALSE),"") | D168: =IFERROR(VLOOKUP(B168,'Spesifikasi Bahan'!$A$2:$C$10074,3,FALSE),"") | E168: =IFERROR(VLOOKUP(B168,'Spesifikasi Bahan'!$A$2:$E$10074,5,FALSE),"") | F168: =IFERROR(VLOOKUP(B168,'Spesifikasi Bahan'!$A$2:$F$10074,6,FALSE),"") | G168: =IFERROR(VLOOKUP(B168,'Spesifikasi Bahan'!$A$2:$G$10074,7,FALSE),"") | H168: =I168-J168 -> 0 | I168: =SUMIF('Form Responses Incoming'!$C$2:$C$10131,B168,'Form Responses Incoming'!$D$2:D10282) -> 0 | J168: =SUMIF('Form Responses Usage'!$C$2:$C$11115,B168,'Form Responses Usage'!$D$2:$D$11115) -> 0 | K168: =IF(H168<G168,"Limited Stock","OK") -> Limited Stock | L168: =IFERROR(VLOOKUP(B168,'Spesifikasi Bahan'!$A$2:$D$10074,4,FALSE),"") | N168: #N/A
A169: 82 | C169: =IFERROR(VLOOKUP(B169,'Spesifikasi Bahan'!$A$2:$B$10074,2,FALSE),"") | D169: =IFERROR(VLOOKUP(B169,'Spesifikasi Bahan'!$A$2:$C$10074,3,FALSE),"") | E169: =IFERROR(VLOOKUP(B169,'Spesifikasi Bahan'!$A$2:$E$10074,5,FALSE),"") | F169: =IFERROR(VLOOKUP(B169,'Spesifikasi Bahan'!$A$2:$F$10074,6,FALSE),"") | G169: =IFERROR(VLOOKUP(B169,'Spesifikasi Bahan'!$A$2:$G$10074,7,FALSE),"") | H169: =I169-J169 -> 0 | I169: =SUMIF('Form Responses Incoming'!$C$2:$C$10131,B169,'Form Responses Incoming'!$D$2:D10283) -> 0 | J169: =SUMIF('Form Responses Usage'!$C$2:$C$11115,B169,'Form Responses Usage'!$D$2:$D$11115) -> 0 | K169: =IF(H169<G169,"Limited Stock","OK") -> Limited Stock | L169: =IFERROR(VLOOKUP(B169,'Spesifikasi Bahan'!$A$2:$D$10074,4,FALSE),"") | N169: #N/A
A170: 82 | C170: =IFERROR(VLOOKUP(B170,'Spesifikasi Bahan'!$A$2:$B$10074,2,FALSE),"") | D170: =IFERROR(VLOOKUP(B170,'Spesifikasi Bahan'!$A$2:$C$10074,3,FALSE),"") | E170: =IFERROR(VLOOKUP(B170,'Spesifikasi Bahan'!$A$2:$E$10074,5,FALSE),"") | F170: =IFERROR(VLOOKUP(B170,'Spesifikasi Bahan'!$A$2:$F$10074,6,FALSE),"") | G170: =IFERROR(VLOOKUP(B170,'Spesifikasi Bahan'!$A$2:$G$10074,7,FALSE),"") | H170: =I170-J170 -> 0 | I170: =SUMIF('Form Responses Incoming'!$C$2:$C$10131,B170,'Form Responses Incoming'!$D$2:D10284) -> 0 | J170: =SUMIF('Form Responses Usage'!$C$2:$C$11115,B170,'Form Responses Usage'!$D$2:$D$11115) -> 0 | K170: =IF(H170<G170,"Limited Stock","OK") -> Limited Stock | L170: =IFERROR(VLOOKUP(B170,'Spesifikasi Bahan'!$A$2:$D$10074,4,FALSE),"") | N170: #N/A
A171: 82 | C171: =IFERROR(VLOOKUP(B171,'Spesifikasi Bahan'!$A$2:$B$10074,2,FALSE),"") | D171: =IFERROR(VLOOKUP(B171,'Spesifikasi Bahan'!$A$2:$C$10074,3,FALSE),"") | E171: =IFERROR(VLOOKUP(B171,'Spesifikasi Bahan'!$A$2:$E$10074,5,FALSE),"") | F171: =IFERROR(VLOOKUP(B171,'Spesifikasi Bahan'!$A$2:$F$10074,6,FALSE),"") | G171: =IFERROR(VLOOKUP(B171,'Spesifikasi Bahan'!$A$2:$G$10074,7,FALSE),"") | H171: =I171-J171 -> 0 | I171: =SUMIF('Form Responses Incoming'!$C$2:$C$10131,B171,'Form Responses Incoming'!$D$2:D10285) -> 0 | J171: =SUMIF('Form Responses Usage'!$C$2:$C$11115,B171,'Form Responses Usage'!$D$2:$D$11115) -> 0 | K171: =IF(H171<G171,"Limited Stock","OK") -> Limited Stock | L171: =IFERROR(VLOOKUP(B171,'Spesifikasi Bahan'!$A$2:$D$10074,4,FALSE),"") | N171: #N/A
A172: 82 | C172: =IFERROR(VLOOKUP(B172,'Spesifikasi Bahan'!$A$2:$B$10074,2,FALSE),"") | D172: =IFERROR(VLOOKUP(B172,'Spesifikasi Bahan'!$A$2:$C$10074,3,FALSE),"") | E172: =IFERROR(VLOOKUP(B172,'Spesifikasi Bahan'!$A$2:$E$10074,5,FALSE),"") | F172: =IFERROR(VLOOKUP(B172,'Spesifikasi Bahan'!$A$2:$F$10074,6,FALSE),"") | G172: =IFERROR(VLOOKUP(B172,'Spesifikasi Bahan'!$A$2:$G$10074,7,FALSE),"") | H172: =I172-J172 -> 0 | I172: =SUMIF('Form Responses Incoming'!$C$2:$C$10131,B172,'Form Responses Incoming'!$D$2:D10286) -> 0 | J172: =SUMIF('Form Responses Usage'!$C$2:$C$11115,B172,'Form Responses Usage'!$D$2:$D$11115) -> 0 | K172: =IF(H172<G172,"Limited Stock","OK") -> Limited Stock | L172: =IFERROR(VLOOKUP(B172,'Spesifikasi Bahan'!$A$2:$D$10074,4,FALSE),"") | N172: #N/A
A173: 82 | C173: =IFERROR(VLOOKUP(B173,'Spesifikasi Bahan'!$A$2:$B$10074,2,FALSE),"") | D173: =IFERROR(VLOOKUP(B173,'Spesifikasi Bahan'!$A$2:$C$10074,3,FALSE),"") | E173: =IFERROR(VLOOKUP(B173,'Spesifikasi Bahan'!$A$2:$E$10074,5,FALSE),"") | F173: =IFERROR(VLOOKUP(B173,'Spesifikasi Bahan'!$A$2:$F$10074,6,FALSE),"") | G173: =IFERROR(VLOOKUP(B173,'Spesifikasi Bahan'!$A$2:$G$10074,7,FALSE),"") | H173: =I173-J173 -> 0 | I173: =SUMIF('Form Responses Incoming'!$C$2:$C$10131,B173,'Form Responses Incoming'!$D$2:D10287) -> 0 | J173: =SUMIF('Form Responses Usage'!$C$2:$C$11115,B173,'Form Responses Usage'!$D$2:$D$11115) -> 0 | K173: =IF(H173<G173,"Limited Stock","OK") -> Limited Stock | L173: =IFERROR(VLOOKUP(B173,'Spesifikasi Bahan'!$A$2:$D$10074,4,FALSE),"") | N173: #N/A
A174: 82 | C174: =IFERROR(VLOOKUP(B174,'Spesifikasi Bahan'!$A$2:$B$10074,2,FALSE),"") | D174: =IFERROR(VLOOKUP(B174,'Spesifikasi Bahan'!$A$2:$C$10074,3,FALSE),"") | E174: =IFERROR(VLOOKUP(B174,'Spesifikasi Bahan'!$A$2:$E$10074,5,FALSE),"") | F174: =IFERROR(VLOOKUP(B174,'Spesifikasi Bahan'!$A$2:$F$10074,6,FALSE),"") | G174: =IFERROR(VLOOKUP(B174,'Spesifikasi Bahan'!$A$2:$G$10074,7,FALSE),"") | H174: =I174-J174 -> 0 | I174: =SUMIF('Form Responses Incoming'!$C$2:$C$10131,B174,'Form Responses Incoming'!$D$2:D10288) -> 0 | J174: =SUMIF('Form Responses Usage'!$C$2:$C$11115,B174,'Form Responses Usage'!$D$2:$D$11115) -> 0 | K174: =IF(H174<G174,"Limited Stock","OK") -> Limited Stock | L174: =IFERROR(VLOOKUP(B174,'Spesifikasi Bahan'!$A$2:$D$10074,4,FALSE),"") | N174: #N/A
...

Sheet Form Responses Incoming
A1: Column 1 | B1: Tanggal | C1: Kode Bahan Kimia | D1: Jumlah | E1: Satuan | F1: Expired Date
A2: 45839.551 | B2: 45839 | C2: A1 | D2: 500 | E2: Gram | F2: 46987
A3: 45840.655 | B3: 45818 | C3: A2 | D3: 500 | E3: Gram | F3: 46356
A4: 45840.696 | B4: 45819 | C4: A3 | D4: 25 | E4: Gram | F4: 46843
A5: 45840.699 | B5: 45819 | C5: A4 | D5: 250 | E5: Gram | F5: 47391
A6: 46014.709 | B6: 45819 | C6: A6 | D6: 100 | E6: Gram | F6: 47452
A7: 45840.711 | B7: 45819 | C7: A7 | D7: 25 | E7: Gram | F7: 46081
A8: 45840.712 | B8: 45819 | C8: A8 | D8: 250 | E8: Gram | F8: 46326
A9: 45840.713 | B9: 45819 | C9: A9 | D9: 500 | E9: Gram | F9: 47787
A10: 45840.713 | B10: 45819 | C10: A10 | D10: 25 | E10: Gram | F10: 46721
A11: 45840.714 | B11: 45819 | C11: A11 | D11: 50 | E11: Gram | F11: 46081
A12: 45840.716 | B12: 45819 | C12: A12 | D12: 5 | E12: Gram | F12: 46112
A13: 45840.719 | B13: 45819 | C13: A13 | D13: 10 | E13: Gram | F13: 45930
... A107: 45856.701 | B107: 45856 | C107: A65 | D107: 100 | E107: Gram | F107: 46660
A108: 45856.702 | B108: 45856 | C108: A66 | E108: Gram | F108: 46873
A109: 45861.572 | B109: 45861 | C109: A63 | D109: 100 | E109: Gram | F109: 46625
A110: 45861.572 | B110: 45861 | C110: A66 | D110: 500 | E110: Gram | F110: 46599
A111: 45861.573 | B111: 45861 | C111: A67 | D111: 100 | E111: Gram | F111: 46752
A112: 45861.573 | B112: 45861 | C112: A68 | D112: 50 | E112: Gram | F112: 46625
A113: 45863.41 | B113: 45818 | C113: A54 | D113: 250 | E113: Gram | F113: 47362
A114: 45863.411 | B114: 45819 | C114: B40 | D114: 500 | E114: mL | F114: 46507
A115: 45863.442 | B115: 45862 | C115: A69 | D115: 500 | E115: Gram | F115: 46538
A116: 45868.374 | B116: 45866 | C116: A72 | D116: 100 | E116: Gram | F116: 45505
A117: 45868.374 | B117: 45866 | C117: A13 | D117: 100 | E117: Gram | F117: 46784
A118: 45868.375 | B118: 45866 | C118: A14 | D118: 100 | E118: Gram | F118: 47422
A119: 45868.376 | B119: 45866 | C119: A11 | D119: 250 | E119: Gram | F119: 47177
A120: 45868.377 | B120: 45866 | C120: A10 | D120: 500 | E120: Gram | F120: 47453
... A214: 46108.582 | B214: 46108 | C214: B20 | D214: 250 | E214: mL | F214: 46446

Sheet Form Responses Usage
A1: Timestamp | B1: Tanggal | C1: Kode Bahan Kimia | D1: Jumlah | E1: Satuan | F1: Personil/Analis
A2: 45840.41 | B2: 45831 | C2: A24 | D2: 6 | E2: Gram | F2: Lucy
A3: 45840.411 | B3: 45831 | C3: A32 | D3: 0.25 | E3: Gram | F3: Lucy
A4: 45840.412 | B4: 45831 | C4: A34 | D4: 10 | E4: Gram | F4: Lucy
A5: 45840.413 | B5: 45831 | C5: A22 | D5: 0.5 | E5: Gram | F5: Lucy
A6: 45840.413 | B6: 45831 | C6: B33 | D6: 10 | E6: mL | F6: Lucy
A7: 45840.414 | B7: 45832 | C7: A34 | D7: 10 | E7: Gram | F7: Lucy
A8: 45840.415 | B8: 45832 | C8: A22 | D8: 0.5 | E8: Gram | F8: Lucy
A9: 45840.415 | B9: 45832 | C9: B33 | D9: 10 | E9: mL | F9: Lucy
A10: 45840.416 | B10: 45831 | C10: B35 | D10: 50 | E10: mL | F10: Lucy
A11: 45840.417 | B11: 45833 | C11: B25 | D11: 50 | E11: mL | F11: Lucy
A12: 45840.418 | B12: 45833 | C12: A34 | D12: 10 | E12: Gram | F12: Lucy
A13: 45840.419 | B13: 45833 | C13: A22 | D13: 0.5 | E13: Gram | F13: Lucy
... A975: 46052.717 | B975: 46052 | C975: A22 | D975: 2.5 | E975: Gram | F975: fajar
A976: 46052.717 | B976: 46052 | C976: A69 | D976: fajar | E976: Gram | F976: fajar
A977: 46052.717 | B977: 46052 | C977: B25 | D977: 35 | E977: mL | F977: fajar
A978: 46052.724 | B978: 46052 | C978: A96 | D978: 5.2 | E978: Gram | F978: AA
A979: 46052.724 | B979: 46052 | C979: A22 | D979: 0.3 | E979: Gram | F979: AA
A980: 46052.724 | B980: 46052 | C980: A9 | D980: 20 | E980: Gram | F980: AA
A981: 46052.725 | B981: 46052 | C981: A21 | D981: 66 | E981: Gram | F981: AA
A982: 46052.725 | B982: 46052 | C982: A52 | D982: 27.5 | E982: Gram | F982: AA
A983: 46052.726 | B983: 46052 | C983: B40 | D983: 2.5 | E983: mL | F983: AA
A984: 46052.726 | B984: 46052 | C984: B23 | D984: 50 | E984: mL | F984: AA
A985: 46052.726 | B985: 46052 | C985: B24 | D985: 100 | E985: mL | F985: AA
A986: 46055.665 | B986: 46055 | C986: A85 | D986: 2 | E986: Pcs | F986: DA
A987: 46055.666 | B987: 46055 | C987: A86 | D987: 2 | E987: Pcs | F987: DA
A988: 46055.709 | B988: 46055 | C988: A5 | D988: 15.0025 | E988: Gram | F988: Luthfi
... A1161: 46113.347 | B1161: 46112 | C1161: A70 | D1161: 8.005 | E1161: Gram | F1161: DA

Sheet Kode Barang
A1: Jenis Barang | B1: Kode Barang
A2: Padatan | B2: A
A3: Cairan | B3: B
A4: Gas | B4: C
